country,iso_code,year,population,gdp,co2,coal_co2,oil_co2,gas_co2,flaring_co2,cement_co2,other_industry_co2,primary_energy_consumption
Africa,,2000,830226481,,927.860,369.390,311.996,114.349,103.380,28.744,,3196.580
Africa,,2001,851317075,,917.322,371.111,297.922,120.126,98.200,29.963,,3318.360
Africa,,2002,873025213,,896.956,360.107,287.301,134.355,82.498,32.695,,3361.184
Africa,,2003,895336412,,988.111,389.992,325.904,145.781,91.857,34.576,,3512.796
Africa,,2004,918363272,,1043.504,416.820,349.393,152.688,88.024,36.579,,3819.399
Africa,,2005,942115143,,1055.713,411.532,335.695,183.514,85.869,39.103,,3787.717
Africa,,2006,966491337,,1084.853,417.738,367.932,176.245,80.201,42.737,,3871.460
Africa,,2007,991615906,,1113.892,428.638,376.858,190.162,70.941,47.293,,4012.792
Africa,,2008,1017632831,,1166.199,452.892,403.595,192.785,71.028,45.899,,4258.883
Africa,,2009,1044356804,,1160.896,422.720,426.296,191.716,66.474,53.690,,4315.665
Africa,,2010,1071809929,,1216.281,441.332,447.225,201.909,69.368,56.447,,4460.190
Africa,,2011,1099732995,,1264.906,431.856,491.496,220.045,67.140,54.369,,4529.279
Africa,,2012,1128396676,,1263.516,431.066,469.289,241.272,65.086,56.803,,4734.076
Africa,,2013,1158293959,,1280.567,425.584,483.541,244.434,62.478,64.530,,4888.162
Africa,,2014,1188685762,,1360.819,453.967,530.169,246.721,60.937,69.024,,5049.482
Africa,,2015,1219484027,,1335.946,428.488,510.017,260.373,61.323,75.744,,5163.164
Africa,,2016,1250551239,,1367.232,424.533,531.669,276.490,57.904,76.636,,5280.843
Africa,,2017,1282169538,,1377.318,418.783,522.294,298.326,60.308,77.607,,5444.701
Africa,,2018,1314609397,,1391.187,446.360,505.283,299.640,59.539,80.365,,5530.573
Africa,,2019,1347162538,,1456.083,468.424,529.959,314.888,60.451,82.361,,5681.833
Africa,,2020,1379939686,,1369.249,430.714,505.412,298.076,54.769,80.279,,5412.605
Africa,,2021,1412811077,,1475.349,433.186,572.530,321.744,56.723,91.166,,5870.374
Africa,,2022,1445862695,,1459.114,426.735,577.165,310.740,54.754,89.720,,5954.654
Africa,,2023,1479690254,,1481.814,436.680,578.160,318.284,55.826,92.864,,6050.292
Africa,,2024,1514032368,,1502.099,445.053,595.736,314.667,55.163,91.480,,6139.628
Algeria,DZA,2000,30903894,208554150552,84.552,1.960,26.828,38.534,14.287,2.943,,299.946
Algeria,DZA,2001,31331226,223420294027,86.019,2.096,28.458,41.029,11.490,2.946,,310.813
Algeria,DZA,2002,31750832,245360923720,89.658,2.609,29.495,44.653,9.878,3.024,,321.951
Algeria,DZA,2003,32175813,273568638765,94.078,2.788,31.943,44.027,11.791,3.529,,336.922
Algeria,DZA,2004,32628286,296773569597,90.853,1.924,32.818,41.209,10.866,4.035,,349.778
Algeria,DZA,2005,33109258,326854481030,109.564,2.363,31.052,61.211,10.705,4.233,,366.272
Algeria,DZA,2006,33623505,345705309468,103.798,2.700,35.233,49.306,12.116,4.442,,379.220
Algeria,DZA,2007,34189420,371665260161,107.549,3.012,38.322,51.076,10.479,4.660,,399.640
Algeria,DZA,2008,34816963,395658515586,108.596,3.008,37.363,51.551,11.582,5.092,,423.557
Algeria,DZA,2009,35490442,418247711085,116.328,1.594,44.891,54.894,9.257,5.692,,448.859
Algeria,DZA,2010,36188237,450705801593,117.847,1.216,45.365,53.368,10.151,7.746,,438.995
Algeria,DZA,2011,36903374,482028679734,124.715,1.121,46.920,56.721,12.219,7.735,,464.488
Algeria,DZA,2012,37646165,498417638719,135.593,1.107,48.541,64.116,14.287,7.543,,507.672
Algeria,DZA,2013,38414176,512373332647,141.534,0.777,52.018,65.450,15.394,7.896,,536.977
Algeria,DZA,2014,39205035,531843509827,152.435,0.579,53.582,73.833,16.353,8.087,,585.613
Algeria,DZA,2015,40019528,551521739825,160.322,0.535,55.590,78.769,17.165,8.263,,617.518
Algeria,DZA,2016,40850719,569170418715,158.308,0.000,54.628,78.679,16.073,8.928,,616.996
Algeria,DZA,2017,41689302,577138830559,165.252,0.923,55.324,82.354,16.550,10.100,,623.795
Algeria,DZA,2018,42505033,584064441740,174.461,1.546,56.231,88.889,16.391,11.404,,669.620
Algeria,DZA,2019,43294551,589905104177,182.425,1.275,59.637,91.998,16.974,12.542,,694.349
Algeria,DZA,2020,44042094,559819958223,171.139,0.575,54.130,87.026,17.530,11.879,,648.899
Algeria,DZA,2021,44761099,578853830170,182.036,1.176,57.343,96.259,15.333,11.925,,707.627
Algeria,DZA,2022,45477391,595820067103,192.779,0.758,61.610,101.379,16.194,12.836,,734.248
Algeria,DZA,2023,46164222,,202.847,0.734,64.676,109.222,15.378,12.836,,784.532
Algeria,DZA,2024,46814302,,198.203,0.606,68.143,101.800,14.818,12.836,,760.133
Angola,AGO,2000,16194873,23512184116,15.995,,3.668,1.085,11.162,0.081,,30.660
Angola,AGO,2001,16747204,26015021059,15.908,,4.302,0.989,10.396,0.221,,33.201
Angola,AGO,2002,17327701,31389808151,16.080,,5.020,1.158,9.663,0.239,,35.314
Angola,AGO,2003,17943718,35081368421,17.484,,6.837,1.216,9.151,0.280,,39.260
Angola,AGO,2004,18600426,41307235678,17.016,,6.108,1.440,9.168,0.300,,42.744
Angola,AGO,2005,19291160,51967661783,15.387,,4.734,1.249,8.882,0.521,,35.014
Angola,AGO,2006,20015281,66749579296,17.145,,7.757,1.304,7.545,0.539,,44.339
Angola,AGO,2007,20778570,87086353818,17.588,,8.801,1.594,6.651,0.542,,52.182
Angola,AGO,2008,21578656,105593132748,18.750,,10.219,1.271,6.575,0.685,,60.823
Angola,AGO,2009,22414775,115247846475,20.668,,12.296,1.290,6.389,0.693,,70.332
Angola,AGO,2010,23294822,126984175354,22.983,,13.370,1.370,7.665,0.578,,76.381
Angola,AGO,2011,24218358,140477268750,23.397,,14.345,1.403,6.884,0.765,,79.890
Angola,AGO,2012,25177398,152476849129,25.941,,17.268,1.422,6.104,1.147,,86.099
Angola,AGO,2013,26165616,160032073258,25.710,,17.441,0.766,5.946,1.557,,93.416
Angola,AGO,2014,27160767,167750415635,26.092,,16.977,0.579,6.560,1.976,,103.227
Angola,AGO,2015,28157802,169333972139,27.505,,16.167,1.440,7.867,2.030,,108.491
Angola,AGO,2016,29183072,164965166058,25.466,,14.172,1.495,8.299,1.500,,97.209
Angola,AGO,2017,30234836,164717711409,23.601,,13.888,1.572,7.145,0.996,,83.874
Angola,AGO,2018,31297160,162550037080,23.278,,15.411,1.608,5.251,1.007,,94.022
Angola,AGO,2019,32375633,161408924528,22.210,,14.286,2.429,4.371,1.124,,97.731
Angola,AGO,2020,33451139,152308692850,16.549,,9.468,2.488,3.509,1.085,,77.821
Angola,AGO,2021,34532427,153971902307,19.219,,12.282,2.466,3.386,1.085,,87.366
Angola,AGO,2022,35635028,158346237030,21.089,,14.887,1.927,3.151,1.124,,97.616
Angola,AGO,2023,36749909,,21.675,,15.356,1.742,3.453,1.124,,98.864
Angola,AGO,2024,37885854,,22.334,,15.569,1.766,3.874,1.124,,100.765
Benin,BEN,2000,7221618,12746225376,1.473,,1.473,,0.000,0.000,,6.865
Benin,BEN,2001,7445599,13306904218,1.689,,1.689,,0.000,0.000,,7.845
Benin,BEN,2002,7675430,13793055302,2.110,,1.953,,0.000,0.157,,9.044
Benin,BEN,2003,7913074,14127733603,2.394,,2.228,,0.000,0.166,,10.383
Benin,BEN,2004,8159098,14599811664,2.594,,2.382,,0.000,0.212,,10.957
Benin,BEN,2005,8426145,14703566396,2.490,,2.268,,0.000,0.222,,10.286
Benin,BEN,2006,8693243,15130030225,3.351,,3.125,,0.000,0.226,,14.058
Benin,BEN,2007,8953973,15874980420,3.931,,3.719,,0.000,0.212,,16.597
Benin,BEN,2008,9228468,16519715795,3.919,,3.737,,0.000,0.182,,16.973
Benin,BEN,2009,9509431,16780073808,4.225,,4.001,,0.000,0.223,,18.843
Benin,BEN,2010,9797488,17023196060,4.679,,4.437,,0.000,0.242,,21.540
Benin,BEN,2011,10093626,17416238625,4.480,,4.247,,0.000,0.233,,20.136
Benin,BEN,2012,10397659,18305935000,4.403,,4.166,,0.000,0.237,,19.093
Benin,BEN,2013,10708831,19651418479,4.566,,4.331,0.022,0.000,0.213,,19.485
Benin,BEN,2014,11030008,21043177203,4.774,0.165,4.338,0.055,0.000,0.216,,20.727
Benin,BEN,2015,11360681,22279707949,5.318,0.099,4.943,0.062,0.000,0.214,,22.768
Benin,BEN,2016,11697845,23134706997,5.311,0.187,4.910,0.004,0.000,0.210,,27.762
Benin,BEN,2017,12039777,24568275710,5.555,0.176,5.056,0.110,0.000,0.213,,29.448
Benin,BEN,2018,12383349,26346543293,5.668,0.000,5.240,0.037,0.000,0.392,,32.402
Benin,BEN,2019,12726760,28155410176,5.273,0.238,4.525,0.106,0.000,0.403,,30.184
Benin,BEN,2020,13070169,29239039610,5.541,0.256,4.547,0.319,0.000,0.419,,31.732
Benin,BEN,2021,13413423,31331235336,5.806,0.293,4.711,0.352,0.000,0.450,,24.651
Benin,BEN,2022,13759507,33290362034,6.092,0.348,4.974,0.305,0.000,0.465,,25.344
Benin,BEN,2023,14111035,,5.928,0.405,4.756,0.302,0.000,0.465,,30.691
Benin,BEN,2024,14462721,,6.066,0.332,4.942,0.327,0.000,0.465,,31.410
Botswana,BWA,2000,1677384,13391002424,3.778,2.052,1.726,0.000,0.000,,,14.331
Botswana,BWA,2001,1712264,13725120137,3.847,2.004,1.843,0.000,0.000,,,15.024
Botswana,BWA,2002,1744765,14885467195,3.975,2.088,1.887,0.000,0.000,,,15.598
Botswana,BWA,2003,1775744,15922248755,3.825,1.803,2.023,0.000,0.000,,,15.912
Botswana,BWA,2004,1807153,16720998899,3.895,1.982,1.913,0.000,0.000,,,15.940
Botswana,BWA,2005,1839881,17874650435,4.096,2.142,1.955,0.000,0.000,,,16.860
Botswana,BWA,2006,1874526,19804034564,4.133,2.090,2.043,0.000,0.000,,,17.936
Botswana,BWA,2007,1911200,21924081026,4.228,1.935,2.294,0.000,0.000,,,18.453
Botswana,BWA,2008,1949973,23814412331,4.503,1.953,2.550,0.000,0.000,,,19.183
Botswana,BWA,2009,1990671,22485468865,3.855,1.577,2.182,0.000,0.000,0.096,,18.028
Botswana,BWA,2010,2033110,24958864035,4.537,1.991,2.446,0.000,0.000,0.100,,18.618
Botswana,BWA,2011,2073538,27061119164,4.029,1.430,2.593,0.000,0.000,0.006,,19.529
Botswana,BWA,2012,2108617,27014847416,5.077,2.327,2.744,0.000,0.000,0.006,,19.299
Botswana,BWA,2013,2140687,30014304729,5.663,2.774,2.884,0.000,0.000,0.006,,19.156
Botswana,BWA,2014,2172053,31724220202,6.850,3.844,3.001,0.000,0.000,0.006,,19.238
Botswana,BWA,2015,2203276,30185273524,5.418,2.898,2.510,0.004,0.000,0.006,,23.443
Botswana,BWA,2016,2234784,32359220755,6.341,3.570,2.765,0.000,0.000,0.006,,25.807
Botswana,BWA,2017,2266749,33690154993,7.066,4.252,2.809,0.000,0.000,0.006,,23.652
Botswana,BWA,2018,2299149,35101769105,7.643,4.624,3.019,0.000,0.000,0.000,,23.446
Botswana,BWA,2019,2332082,36166405883,7.486,3.860,3.625,0.000,0.000,0.000,,22.815
Botswana,BWA,2020,2365895,33010529929,6.192,2.929,3.263,0.000,0.000,0.000,,21.985
Botswana,BWA,2021,2401448,36918974292,6.683,3.290,3.393,0.000,0.000,0.000,,23.198
Botswana,BWA,2022,2439895,39293967463,7.396,4.353,3.039,0.000,0.000,0.004,,29.284
Botswana,BWA,2023,2480242,,7.249,4.174,3.070,0.000,0.000,0.004,,23.321
Botswana,BWA,2024,2521145,,7.462,4.361,3.096,0.000,0.000,0.004,,24.734
Burkina Faso,BFA,2000,11925548,14546973590,0.931,,0.890,,0.000,0.040,,4.066
Burkina Faso,BFA,2001,12294996,15179805834,1.064,,1.044,,0.000,0.020,,4.626
Burkina Faso,BFA,2002,12680904,15543232009,1.067,,1.055,,0.000,0.012,,4.832
Burkina Faso,BFA,2003,13082530,16390237677,1.184,,1.172,,0.000,0.012,,5.298
Burkina Faso,BFA,2004,13500536,16718435442,1.107,,1.096,,0.000,0.012,,4.748
Burkina Faso,BFA,2005,13932127,17737650575,1.104,,1.092,,0.000,0.012,,5.057
Burkina Faso,BFA,2006,14373713,18406718353,1.217,,1.205,,0.000,0.012,,5.023
Burkina Faso,BFA,2007,14816313,18724205542,1.616,,1.605,,0.000,0.012,,7.122
Burkina Faso,BFA,2008,15258103,19365623019,1.818,,1.638,,0.000,0.180,,7.752
Burkina Faso,BFA,2009,15710067,19506442026,1.836,,1.619,,0.000,0.217,,7.278
Burkina Faso,BFA,2010,16176503,20688336651,1.985,,1.759,,0.000,0.226,,8.094
Burkina Faso,BFA,2011,16661907,21589787625,2.149,,1.924,,0.000,0.226,,9.206
Burkina Faso,BFA,2012,17172284,22982976785,2.612,,2.360,,0.000,0.252,,10.855
Burkina Faso,BFA,2013,17695411,24314382909,2.809,,2.583,,0.000,0.226,,13.013
Burkina Faso,BFA,2014,18229466,25366464630,2.868,,2.711,,0.000,0.156,,12.132
Burkina Faso,BFA,2015,18777488,26361085012,3.744,,3.221,,0.000,0.523,,15.465
Burkina Faso,BFA,2016,19334854,27931683815,3.988,,3.348,,0.000,0.639,,14.777
Burkina Faso,BFA,2017,19894413,29664279937,4.622,,3.924,,0.000,0.697,,17.163
Burkina Faso,BFA,2018,20438289,31623015393,5.226,,4.393,,0.000,0.833,,19.286
Burkina Faso,BFA,2019,20961956,33422048798,5.618,,4.554,,0.000,1.064,,19.987
Burkina Faso,BFA,2020,21478691,34067429050,5.618,,4.533,,0.000,1.085,,20.109
Burkina Faso,BFA,2021,21995249,36419784717,6.329,,5.166,,0.000,1.162,,22.951
Burkina Faso,BFA,2022,22509038,37320442404,6.542,,5.341,,0.000,1.201,,22.776
Burkina Faso,BFA,2023,23025777,,6.308,,5.107,,0.000,1.201,,24.555
Burkina Faso,BFA,2024,23548782,,6.508,,5.306,,0.000,1.201,,25.021
Burundi,BDI,2000,6470196,4647178132,0.271,0.007,0.264,,0.000,,,1.457
Burundi,BDI,2001,6634368,4722946125,0.205,0.011,0.194,,0.000,,,1.176
Burundi,BDI,2002,6824139,4917697691,0.213,0.011,0.202,,0.000,,,1.081
Burundi,BDI,2003,7043158,4852463827,0.169,0.007,0.161,,0.000,,,0.882
Burundi,BDI,2004,7310656,5086686387,0.198,0.007,0.191,,0.000,,,1.069
Burundi,BDI,2005,7587303,5144959327,0.158,0.007,0.150,,0.000,0.000,,0.895
Burundi,BDI,2006,7865545,5422209655,0.187,0.015,0.172,,0.000,0.000,,1.074
Burundi,BDI,2007,8161879,5601361293,0.187,0.011,0.176,,0.000,0.000,,1.736
Burundi,BDI,2008,8505643,5894788502,0.202,0.015,0.187,,0.000,0.000,,1.077
Burundi,BDI,2009,8947653,6197653893,0.216,0.015,0.201,,0.000,0.000,,1.076
Burundi,BDI,2010,9376448,6558969212,0.333,0.018,0.315,,0.000,0.000,,1.563
Burundi,BDI,2011,9717980,6787360000,0.414,0.011,0.403,,0.000,0.000,,1.910
Burundi,BDI,2012,10071033,7086796000,0.392,0.026,0.366,,0.000,0.000,,1.771
Burundi,BDI,2013,10439346,7430922000,0.436,0.022,0.414,,0.000,0.000,,1.948
Burundi,BDI,2014,10799789,7764240000,0.355,0.015,0.340,,0.000,0.000,,1.801
Burundi,BDI,2015,11047581,7340438000,0.355,0.004,0.352,,0.000,0.000,,1.834
Burundi,BDI,2016,11239459,7554391939,0.429,0.037,0.392,,0.000,0.000,,2.047
Burundi,BDI,2017,11506764,7833860723,0.516,0.022,0.494,,0.000,0.000,,2.419
Burundi,BDI,2018,11859444,8207327776,0.645,0.018,0.627,,0.000,0.000,,3.128
Burundi,BDI,2019,12255339,8573379471,0.685,0.044,0.641,,0.000,0.000,,3.189
Burundi,BDI,2020,12617041,8635657446,0.739,0.026,0.711,,0.000,0.003,,3.604
Burundi,BDI,2021,12965487,8956206318,0.772,0.044,0.725,,0.000,0.003,,3.534
Burundi,BDI,2022,13321102,9177077459,0.878,0.044,0.831,,0.000,0.003,,4.091
Burundi,BDI,2023,13689455,,0.901,0.051,0.848,,0.000,0.003,,3.873
Burundi,BDI,2024,14047788,,0.917,0.052,0.862,,0.000,0.003,,3.910
Cameroon,CMR,2000,14912632,31207712778,5.589,,2.986,,2.243,0.360,,16.997
Cameroon,CMR,2001,15309489,33173869115,5.562,,2.931,,2.237,0.395,,16.726
Cameroon,CMR,2002,15725534,35058274715,5.351,,2.950,0.000,2.025,0.376,,17.112
Cameroon,CMR,2003,16160340,37066671075,5.705,,3.320,0.000,2.006,0.379,,18.145
Cameroon,CMR,2004,16610485,39050234319,5.698,,3.440,0.000,1.847,0.411,,18.567
Cameroon,CMR,2005,17074599,40566543367,5.424,,3.195,0.000,1.833,0.396,,17.960
Cameroon,CMR,2006,17550403,42544656064,5.486,,3.360,0.000,1.733,0.393,,23.041
Cameroon,CMR,2007,18049897,44640871980,7.409,,4.573,0.685,1.706,0.445,,23.063
Cameroon,CMR,2008,18574052,46686367319,7.321,,4.330,0.711,1.895,0.385,,22.834
Cameroon,CMR,2009,19113978,48395507236,8.555,,5.581,0.590,1.961,0.424,,25.567
Cameroon,CMR,2010,19668063,50826589427,8.383,,5.683,0.594,1.721,0.386,,29.819
Cameroon,CMR,2011,20232312,53836234148,8.105,,5.658,0.425,1.584,0.438,,31.617
Cameroon,CMR,2012,20809530,56263171005,7.607,,5.163,0.509,1.448,0.487,,32.035
Cameroon,CMR,2013,21402379,59069016946,7.853,,5.159,0.586,1.563,0.545,,27.009
Cameroon,CMR,2014,22059894,62482615428,8.775,,5.734,0.850,1.687,0.504,,35.728
Cameroon,CMR,2015,22763418,65981645134,9.850,,6.213,0.942,2.036,0.659,,36.065
Cameroon,CMR,2016,23454165,68936963106,9.965,,6.035,1.011,2.012,0.907,,35.076
Cameroon,CMR,2017,24128609,71378025048,9.582,,5.507,1.121,1.962,0.992,,34.567
Cameroon,CMR,2018,24806377,74248839020,9.844,,5.280,1.458,2.009,1.097,,37.520
Cameroon,CMR,2019,25506095,76789634582,9.605,,5.238,1.327,1.963,1.077,,36.377
Cameroon,CMR,2020,26210566,77203536828,9.716,,4.990,1.700,1.693,1.333,,37.856
Cameroon,CMR,2021,26915765,80020685294,9.734,,5.137,1.385,1.468,1.744,,35.881
Cameroon,CMR,2022,27632770,82727797383,9.792,,5.354,1.215,1.402,1.821,,36.181
Cameroon,CMR,2023,28372690,,9.695,,5.522,1.098,1.253,1.821,,33.748
Cameroon,CMR,2024,29123748,,9.632,,5.599,1.114,1.098,1.821,,35.029
Cape Verde,CPV,2000,453335,1540942373,0.297,,0.297,,0.000,0.000,,1.350
Cape Verde,CPV,2001,460300,1663976329,0.348,,0.348,,0.000,0.000,,1.509
Cape Verde,CPV,2002,467056,1787222988,0.385,,0.385,,0.000,0.000,,1.641
Cape Verde,CPV,2003,473384,1904397612,0.414,,0.414,,0.000,0.000,,1.633
Cape Verde,CPV,2004,479377,2022409320,0.429,,0.429,,0.000,0.000,,1.785
Cape Verde,CPV,2005,485128,2194575514,0.447,,0.447,,0.000,0.000,,2.790
Cape Verde,CPV,2006,490728,2457336149,0.495,,0.495,,0.000,0.000,,2.964
Cape Verde,CPV,2007,496196,2720555147,0.506,,0.506,,0.000,0.000,,3.305
Cape Verde,CPV,2008,501362,2956642825,0.473,,0.473,,0.000,0.000,,3.351
Cape Verde,CPV,2009,506148,2969179680,0.524,,0.524,,0.000,0.000,,3.172
Cape Verde,CPV,2010,509793,3071163589,0.557,,0.557,,0.000,0.000,,3.403
Cape Verde,CPV,2011,511453,3248220000,0.616,,0.616,,0.000,0.000,,4.012
Cape Verde,CPV,2012,511966,3287052000,0.502,,0.502,,0.000,0.000,,3.514
Cape Verde,CPV,2013,512231,3310254000,0.495,,0.495,,0.000,0.000,,3.434
Cape Verde,CPV,2014,512334,3375218000,0.491,,0.491,,0.000,0.000,,3.704
Cape Verde,CPV,2015,512405,3421236000,0.495,,0.495,,0.000,0.000,,3.671
Cape Verde,CPV,2016,512556,3573126874,0.531,,0.531,,0.000,0.000,,3.847
Cape Verde,CPV,2017,512899,3751791578,0.572,,0.572,,0.000,0.000,,4.104
Cape Verde,CPV,2018,513418,3892648372,0.572,,0.572,,0.000,0.000,,3.389
Cape Verde,CPV,2019,514116,4189894317,0.630,,0.630,,0.000,0.000,,3.608
Cape Verde,CPV,2020,514683,3381126423,0.520,,0.520,,0.000,0.000,,2.689
Cape Verde,CPV,2021,516655,3611420923,0.590,,0.590,,0.000,0.000,,2.987
Cape Verde,CPV,2022,519750,4251154554,0.598,,0.598,,0.000,0.000,,3.059
Cape Verde,CPV,2023,522335,,0.571,,0.571,,0.000,0.000,,3.007
Cape Verde,CPV,2024,524878,,0.594,,0.594,,0.000,0.000,,3.113
Central African Republic,CAF,2000,3833421,3836505744,0.125,,0.125,,0.000,0.000,,1.281
Central African Republic,CAF,2001,3919498,3861482755,0.143,,0.143,,0.000,0.000,,1.319
Central African Republic,CAF,2002,4006079,3833969443,0.117,,0.117,,0.000,0.000,,1.306
Central African Republic,CAF,2003,4103092,3563805910,0.114,,0.114,,0.000,0.000,,1.217
Central African Republic,CAF,2004,4192828,3659297627,0.125,,0.125,,0.000,0.000,,1.239
Central African Republic,CAF,2005,4288814,3745738822,0.128,,0.128,,0.000,0.000,,1.225
Central African Republic,CAF,2006,4377582,3921727514,0.139,,0.139,,0.000,0.000,,1.273
Central African Republic,CAF,2007,4462777,4078141542,0.154,,0.154,,0.000,0.000,,1.270
Central African Republic,CAF,2008,4558989,4185491968,0.150,,0.150,,0.000,0.000,,0.979
Central African Republic,CAF,2009,4529051,4261637773,0.154,,0.154,,0.000,0.000,,0.938
Central African Republic,CAF,2010,4493003,4410453712,0.169,,0.169,,0.000,0.000,,0.962
Central African Republic,CAF,2011,4565023,4499550000,0.154,,0.154,,0.000,0.000,,1.052
Central African Republic,CAF,2012,4610848,4632212000,0.183,,0.183,,0.000,0.000,,1.081
Central African Republic,CAF,2013,4642423,2929689000,0.103,,0.103,,0.000,0.000,,0.746
Central African Republic,CAF,2014,4623187,2960958000,0.132,,0.132,,0.000,0.000,,0.842
Central African Republic,CAF,2015,4629322,3105792000,0.194,,0.194,,0.000,0.000,,1.140
Central African Republic,CAF,2016,4713663,3265229504,0.238,,0.238,,0.000,0.000,,1.218
Central African Republic,CAF,2017,4793512,3421678627,0.286,,0.286,,0.000,0.000,,1.252
Central African Republic,CAF,2018,4878663,3557270233,0.271,,0.271,,0.000,0.000,,1.327
Central African Republic,CAF,2019,4944708,3662931320,0.311,,0.311,,0.000,0.000,,1.567
Central African Republic,CAF,2020,5026629,3698072848,0.333,,0.333,,0.000,0.000,,1.616
Central African Republic,CAF,2021,5112103,3734422040,0.366,,0.366,,0.000,0.000,,1.756
Central African Republic,CAF,2022,5098038,3752056621,0.377,,0.377,,0.000,0.000,,1.790
Central African Republic,CAF,2023,5152415,,0.389,,0.389,,0.000,0.000,,1.799
Central African Republic,CAF,2024,5330691,,0.395,,0.395,,0.000,0.000,,1.901
Chad,TCD,2000,8512092,5599887930,0.488,,0.487,,0.000,,,1.032
Chad,TCD,2001,8804122,6336850686,0.506,,0.502,,0.004,,,0.991
Chad,TCD,2002,9116195,6982839457,0.531,,0.513,,0.018,,,0.978
Chad,TCD,2003,9487830,8110109949,0.882,,0.744,,0.139,,,0.967
Chad,TCD,2004,9920036,11032101494,0.906,,0.751,,0.155,,,1.018
Chad,TCD,2005,10328094,12146441188,0.929,,0.769,,0.160,,,1.096
Chad,TCD,2006,10706426,12214525260,0.957,,0.788,,0.170,,,1.113
Chad,TCD,2007,11081667,14704387197,1.089,,0.876,,0.213,,,1.228
Chad,TCD,2008,11476299,15257312990,0.872,,0.744,,0.129,,,1.288
Chad,TCD,2009,11893753,17078193621,1.220,,1.110,,0.110,,,1.404
Chad,TCD,2010,12312580,19869964230,1.236,,1.136,,0.100,0.000,,1.557
Chad,TCD,2011,12755004,19903398034,1.277,,1.129,,0.147,0.001,,2.229
Chad,TCD,2012,13211006,21656293766,1.747,,1.499,,0.195,0.054,,3.859
Chad,TCD,2013,13691081,22902174388,2.082,,1.759,,0.253,0.070,,4.003
Chad,TCD,2014,14188680,24480827952,2.183,,1.799,,0.306,0.077,,4.160
Chad,TCD,2015,14647626,24914134960,2.352,,1.818,,0.449,0.085,,4.218
Chad,TCD,2016,15114652,23529405356,2.382,,1.784,,0.500,0.097,,4.166
Chad,TCD,2017,15622756,22969403286,2.341,,1.766,,0.439,0.136,,6.416
Chad,TCD,2018,16156535,23510339039,2.384,,1.843,,0.397,0.143,,6.868
Chad,TCD,2019,16685223,24314153239,2.300,,1.821,,0.320,0.159,,7.029
Chad,TCD,2020,17224686,23793345004,2.356,,1.924,,0.281,0.151,,7.401
Chad,TCD,2021,17828274,23531147275,2.670,,2.136,,0.336,0.198,,8.247
Chad,TCD,2022,18455319,24118013870,2.800,,2.150,,0.417,0.232,,8.269
Chad,TCD,2023,19319075,,2.848,,2.218,,0.398,0.232,,7.573
Chad,TCD,2024,20299131,,2.831,,2.249,,0.350,0.232,,7.765
Comoros,COM,2000,536084,656399277,0.103,,0.103,,0.000,0.000,,0.434
Comoros,COM,2001,547221,680582090,0.106,,0.106,,0.000,0.000,,0.453
Comoros,COM,2002,558927,705937319,0.106,,0.106,,0.000,0.000,,0.454
Comoros,COM,2003,569808,731630321,0.136,,0.136,,0.000,0.000,,0.581
Comoros,COM,2004,580711,755848590,0.150,,0.150,,0.000,0.000,,0.636
Comoros,COM,2005,592679,788522780,0.143,,0.143,,0.000,0.000,,0.611
Comoros,COM,2006,604752,888321718,0.169,,0.169,,0.000,0.000,,0.713
Comoros,COM,2007,616935,908328164,0.106,,0.106,,0.000,0.000,,0.468
Comoros,COM,2008,629314,956653402,0.110,,0.110,,0.000,0.000,,0.477
Comoros,COM,2009,641949,1004144820,0.136,,0.136,,0.000,0.000,,0.584
Comoros,COM,2010,654846,1011389038,0.161,,0.161,,0.000,0.000,,0.695
Comoros,COM,2011,668064,1067838000,0.143,,0.143,,0.000,0.000,,0.624
Comoros,COM,2012,681637,1112133000,0.154,,0.154,,0.000,0.000,,0.653
Comoros,COM,2013,696203,1217488000,0.183,,0.183,,0.000,0.000,,0.782
Comoros,COM,2014,711512,1263249000,0.165,,0.165,,0.000,0.000,,0.698
Comoros,COM,2015,726685,1324576000,0.180,,0.180,,0.000,0.000,,0.753
Comoros,COM,2016,741745,1356063486,0.205,,0.205,,0.000,0.000,,0.884
Comoros,COM,2017,756672,1426021134,0.264,,0.264,,0.000,0.000,,1.136
Comoros,COM,2018,771597,1479483924,0.286,,0.286,,0.000,0.000,,0.824
Comoros,COM,2019,786582,1533170985,0.311,,0.311,,0.000,0.000,,0.908
Comoros,COM,2020,802172,1594579416,0.370,,0.370,,0.000,0.000,,1.071
Comoros,COM,2021,818178,1639163875,0.498,,0.498,,0.000,0.000,,1.609
Comoros,COM,2022,834191,1682076951,0.532,,0.532,,0.000,0.000,,1.725
Comoros,COM,2023,850390,,0.542,,0.542,,0.000,0.000,,1.497
Comoros,COM,2024,866632,,0.552,,0.552,,0.000,0.000,,1.578
Congo,COG,2000,3151349,12472135877,4.284,,0.473,,3.804,0.008,,3.268
Congo,COG,2001,3272542,13249308227,4.178,,0.605,0.000,3.573,0.000,,4.098
Congo,COG,2002,3350770,14180954098,2.720,,0.491,0.000,2.229,0.000,,3.558
Congo,COG,2003,3445758,14627827623,3.258,,0.777,0.033,2.448,0.000,,4.330
Congo,COG,2004,3565565,15504146539,3.549,,0.821,0.037,2.691,0.000,,4.668
Congo,COG,2005,3696399,17078609818,4.352,,0.913,0.044,3.356,0.040,,6.488
Congo,COG,2006,3837411,18567839817,4.786,,1.044,0.044,3.658,0.039,,7.843
Congo,COG,2007,3980430,18699065550,4.259,,1.132,0.040,3.048,0.039,,9.885
Congo,COG,2008,4113514,20270055811,4.270,,1.242,0.048,2.940,0.040,,11.268
Congo,COG,2009,4281218,22298715246,4.944,,1.576,0.106,3.220,0.042,,13.917
Congo,COG,2010,4462304,24809062977,5.500,,1.737,0.194,3.538,0.031,,19.089
Congo,COG,2011,4609728,26249089782,5.046,,1.931,0.282,2.807,0.027,,22.419
Congo,COG,2012,4740457,28860086022,5.018,,2.479,0.407,2.075,0.057,,22.728
Congo,COG,2013,4857104,28654592534,5.890,,2.530,0.579,2.684,0.097,,29.193
Congo,COG,2014,4975887,30579326354,5.471,,2.402,0.524,2.367,0.178,,27.734
Congo,COG,2015,5097583,29493455123,5.637,,2.173,0.982,2.211,0.271,,27.783
Congo,COG,2016,5222545,26313174327,5.727,,2.127,1.124,2.108,0.368,,26.448
Congo,COG,2017,5351013,25159867387,5.651,,1.924,1.183,2.137,0.407,,19.230
Congo,COG,2018,5483128,23950933949,6.545,,1.953,1.345,2.976,0.271,,18.475
Congo,COG,2019,5616656,24196673159,7.294,,1.975,1.887,3.149,0.283,,19.386
Congo,COG,2020,5752792,22696964187,7.677,,2.114,1.968,3.363,0.232,,21.418
Congo,COG,2021,5892187,23037421913,7.393,,2.207,2.035,2.862,0.290,,21.813
Congo,COG,2022,6035104,23679011891,8.728,,2.379,2.581,3.421,0.346,,23.519
Congo,COG,2023,6182890,,8.274,,2.453,2.333,3.141,0.346,,23.463
Congo,COG,2024,6332969,,8.840,,2.487,2.366,3.640,0.346,,24.432
Cote d'Ivoire,CIV,2000,17699007,41297593671,6.630,,4.043,2.417,0.170,0.000,,33.285
Cote d'Ivoire,CIV,2001,18178920,42194161007,7.653,,4.778,2.623,0.252,0.000,,32.803
Cote d'Ivoire,CIV,2002,18654772,42379148241,7.450,,4.283,2.675,0.492,0.000,,32.006
Cote d'Ivoire,CIV,2003,19125546,42761562091,5.301,,2.783,2.350,0.167,0.000,,28.344
Cote d'Ivoire,CIV,2004,19594997,44320594821,7.386,,4.349,2.986,0.051,0.000,,31.103
Cote d'Ivoire,CIV,2005,20068468,46182121378,7.568,,4.166,3.334,0.068,0.000,,35.496
Cote d'Ivoire,CIV,2006,20546808,48079711067,6.887,,3.679,3.133,0.076,0.000,,29.811
Cote d'Ivoire,CIV,2007,21030558,50213105655,6.653,,3.649,2.887,0.117,0.000,,31.608
Cote d'Ivoire,CIV,2008,21514446,52842644609,6.713,,3.554,3.037,0.121,0.000,,34.910
Cote d'Ivoire,CIV,2009,21997936,55907844337,5.660,,2.730,2.785,0.146,0.000,,33.490
Cote d'Ivoire,CIV,2010,22488068,58369987439,6.225,,3.026,3.037,0.161,0.000,,35.272
Cote d'Ivoire,CIV,2011,22982003,57051170312,6.523,,3.349,2.993,0.181,0.000,,32.349
Cote d'Ivoire,CIV,2012,23467083,63249209930,8.540,,5.075,3.265,0.201,0.000,,40.219
Cote d'Ivoire,CIV,2013,23939775,69113673482,9.680,,5.778,3.748,0.153,0.000,,45.178
Cote d'Ivoire,CIV,2014,24527393,75191536255,9.903,,5.958,3.781,0.164,0.000,,47.355
Cote d'Ivoire,CIV,2015,25246347,81840720288,9.555,,5.547,3.858,0.149,0.000,,48.214
Cote d'Ivoire,CIV,2016,25989404,87711151924,11.979,,7.024,4.774,0.181,0.000,,54.957
Cote d'Ivoire,CIV,2017,26733376,93099253173,12.002,,7.548,4.313,0.142,0.000,,53.684
Cote d'Ivoire,CIV,2018,27464175,96591406762,10.415,,6.324,3.994,0.097,0.000,,53.911
Cote d'Ivoire,CIV,2019,28193014,104618149506,10.539,,6.188,4.258,0.093,0.000,,57.436
Cote d'Ivoire,CIV,2020,28915452,106396657387,11.019,,6.562,4.367,0.089,0.000,,55.828
Cote d'Ivoire,CIV,2021,29639737,113844428305,13.666,,9.083,4.554,0.028,0.000,,66.362
Cote d'Ivoire,CIV,2022,30395004,121471995793,14.504,,9.475,4.982,0.048,0.000,,78.412
Cote d'Ivoire,CIV,2023,31165653,,14.052,,9.060,4.925,0.067,0.000,,83.868
Cote d'Ivoire,CIV,2024,31934229,,14.829,,9.413,5.349,0.066,0.000,,83.415
Democratic Republic of Congo,COD,2000,50507445,21854113779,1.705,0.000,0.824,0.000,0.812,0.068,,9.467
Democratic Republic of Congo,COD,2001,52132646,21977293171,1.647,0.000,0.689,0.000,0.877,0.081,,8.981
Democratic Republic of Congo,COD,2002,53750529,23244764997,1.734,0.005,0.744,0.000,0.879,0.106,,9.574
Democratic Republic of Congo,COD,2003,55343873,25228484809,2.096,0.002,0.905,0.000,1.057,0.132,,10.440
Democratic Republic of Congo,COD,2004,56997740,27653538438,2.028,0.006,0.989,0.000,0.872,0.160,,11.869
Democratic Republic of Congo,COD,2005,58775726,30164653557,2.287,0.023,1.238,0.000,0.819,0.207,,13.464
Democratic Republic of Congo,COD,2006,60615909,32708306949,2.352,0.020,1.326,0.022,0.780,0.204,,14.916
Democratic Republic of Congo,COD,2007,62477753,35814302298,2.623,0.030,1.447,0.044,0.896,0.205,,15.312
Democratic Republic of Congo,COD,2008,64390658,39245769597,2.685,0.034,1.608,0.044,0.840,0.158,,14.402
Democratic Republic of Congo,COD,2009,66412038,41718890407,2.446,0.024,1.473,0.044,0.728,0.177,,13.409
Democratic Republic of Congo,COD,2010,68563038,46223524668,2.735,0.037,1.729,0.044,0.737,0.189,,16.328
Democratic Republic of Congo,COD,2011,70849311,51169100367,3.041,0.029,2.220,0.044,0.572,0.175,,18.957
Democratic Republic of Congo,COD,2012,73254623,55604951736,2.797,0.033,2.198,0.000,0.408,0.158,,19.279
Democratic Republic of Congo,COD,2013,75789397,60956372609,3.921,0.013,3.364,0.000,0.371,0.174,,24.895
Democratic Republic of Congo,COD,2014,78403248,65407411596,5.066,0.017,4.499,0.004,0.418,0.128,,31.753
Democratic Republic of Congo,COD,2015,81035532,69567321729,3.274,0.034,2.686,0.004,0.397,0.155,,22.704
Democratic Republic of Congo,COD,2016,83956416,69841412960,2.659,0.039,2.129,0.000,0.393,0.098,,19.421
Democratic Republic of Congo,COD,2017,87083400,72396212035,2.920,0.049,2.172,0.001,0.349,0.349,,20.750
Democratic Republic of Congo,COD,2018,90047647,75889338637,3.774,0.084,2.943,0.001,0.293,0.453,,25.157
Democratic Republic of Congo,COD,2019,92947450,79292965259,4.118,0.044,3.162,0.001,0.375,0.536,,23.577
Democratic Republic of Congo,COD,2020,95990000,80617953765,4.305,0.025,3.345,0.000,0.437,0.498,,27.374
Democratic Republic of Congo,COD,2021,99148930,85639643645,4.292,0.034,3.203,0.000,0.425,0.631,,30.742
Democratic Republic of Congo,COD,2022,102396974,91314988450,5.892,0.053,4.630,0.000,0.387,0.822,,32.119
Democratic Republic of Congo,COD,2023,105789733,,5.881,0.070,4.776,0.000,0.213,0.822,,33.996
Democratic Republic of Congo,COD,2024,109276264,,5.904,0.065,4.843,0.000,0.175,0.822,,34.145
Djibouti,DJI,2000,747326,1258388183,0.366,,0.366,,0.000,,,3.534
Djibouti,DJI,2001,771311,1279069473,0.366,,0.366,,0.000,,,3.521
Djibouti,DJI,2002,795576,1306309835,0.399,,0.399,,0.000,,,3.531
Djibouti,DJI,2003,813528,1344454879,0.421,,0.421,,0.000,,,3.663
Djibouti,DJI,2004,826133,1377810002,0.407,,0.407,,0.000,,,3.562
Djibouti,DJI,2005,839174,1416452247,0.414,,0.414,,0.000,,,3.369
Djibouti,DJI,2006,855767,1590366862,0.414,,0.414,,0.000,,,3.148
Djibouti,DJI,2007,874530,1662836538,0.454,,0.454,,0.000,,,3.277
Djibouti,DJI,2008,892739,1746582380,0.495,,0.495,,0.000,,,3.664
Djibouti,DJI,2009,911524,1828090863,0.443,,0.443,,0.000,0.000,,3.182
Djibouti,DJI,2010,930252,1885010108,0.517,,0.517,,0.000,0.000,,3.624
Djibouti,DJI,2011,948565,1960630000,0.315,,0.315,,0.000,0.000,,2.737
Djibouti,DJI,2012,966754,2054196000,0.293,,0.293,,0.000,0.000,,3.611
Djibouti,DJI,2013,984833,2157408000,0.381,,0.322,,0.000,0.058,,3.727
Djibouti,DJI,2014,1002720,2286630000,0.418,,0.352,,0.000,0.066,,4.137
Djibouti,DJI,2015,1020316,2435148000,0.505,,0.451,,0.000,0.054,,3.649
Djibouti,DJI,2016,1037660,2612607480,0.428,,0.377,,0.000,0.050,,3.488
Djibouti,DJI,2017,1054844,2767106002,0.414,,0.352,,0.000,0.062,,3.157
Djibouti,DJI,2018,1071886,2924431711,0.472,,0.385,,0.000,0.087,,3.107
Djibouti,DJI,2019,1088710,3086593147,0.540,,0.443,,0.000,0.097,,3.523
Djibouti,DJI,2020,1105193,3123694253,0.463,,0.370,,0.000,0.093,,3.136
Djibouti,DJI,2021,1121251,3274020536,0.558,,0.410,,0.000,0.147,,3.585
Djibouti,DJI,2022,1137101,3395681646,0.550,,0.364,,0.000,0.186,,3.406
Djibouti,DJI,2023,1152951,,0.558,,0.372,,0.000,0.186,,3.458
Djibouti,DJI,2024,1168726,,0.564,,0.378,,0.000,0.186,,3.508
Egypt,EGY,2000,73083287,444250275939,142.837,3.144,85.320,40.718,3.486,10.169,,568.533
Egypt,EGY,2001,74652035,475679003242,126.372,2.748,66.434,43.361,3.363,10.466,,593.314
Egypt,EGY,2002,76239140,501912285229,128.362,2.957,57.133,52.970,3.373,11.929,,610.244
Egypt,EGY,2003,77853548,528750466385,149.954,3.063,73.293,58.212,3.457,11.929,,645.992
Egypt,EGY,2004,79477441,561597926809,151.917,3.191,75.638,57.625,3.432,12.030,,682.054
Egypt,EGY,2005,81101012,600297394092,166.934,3.067,79.210,68.622,3.173,12.862,,699.417
Egypt,EGY,2006,82700404,650403845291,178.389,2.928,83.689,73.833,3.175,14.764,,736.644
Egypt,EGY,2007,84276224,713462332878,189.201,2.917,84.763,81.128,2.898,17.496,,784.579
Egypt,EGY,2008,85864791,775303694329,195.860,2.854,92.404,83.310,2.964,14.327,,831.838
Egypt,EGY,2009,87501635,831415021492,205.243,2.689,98.338,81.788,3.308,19.119,,861.671
Egypt,EGY,2010,89196073,898751418203,202.704,4.126,95.594,81.949,2.766,18.270,,895.112
Egypt,EGY,2011,91093066,923052843843,221.675,1.700,106.393,92.679,3.891,17.012,,941.574
Egypt,EGY,2012,93161000,950287307199,212.524,1.803,97.477,92.919,5.015,15.310,,979.905
Egypt,EGY,2013,95333551,984556585202,219.087,1.700,103.374,90.400,4.470,19.143,,973.269
Egypt,EGY,2014,97528655,1035721838706,227.254,1.495,118.497,81.700,5.231,20.331,,961.972
Egypt,EGY,2015,99597334,1079611566322,226.654,1.345,111.266,84.152,5.312,24.578,,976.108
Egypt,EGY,2016,101644583,1121578599865,245.164,1.608,118.243,94.823,5.263,25.226,,1030.261
Egypt,EGY,2017,103696055,1158060486104,253.364,6.507,108.447,108.407,4.391,25.612,,1070.745
Egypt,EGY,2018,105682092,1220661740193,241.903,13.007,97.802,102.697,4.264,24.134,,1071.346
Egypt,EGY,2019,107553159,1289253465646,234.060,10.124,76.284,120.520,4.364,22.768,,1048.579
Egypt,EGY,2020,109315118,1307778142529,246.323,5.401,98.241,116.631,4.437,21.615,,986.905
Egypt,EGY,2021,110957005,1400985648780,266.839,8.702,104.622,122.938,3.915,26.662,,1061.291
Egypt,EGY,2022,112618252,1460427350416,249.899,7.762,109.147,104.011,3.702,25.276,,1110.143
Egypt,EGY,2023,114535772,,250.230,8.639,106.311,103.064,3.519,28.698,,1095.667
Egypt,EGY,2024,116538256,,258.368,12.121,112.970,102.624,3.059,27.594,,1125.860
Equatorial Guinea,GNQ,2000,703287,6341192117,2.699,,0.374,0.059,2.267,0.000,,3.227
Equatorial Guinea,GNQ,2001,749836,10710877546,3.091,,0.454,0.037,2.600,0.000,,1.823
Equatorial Guinea,GNQ,2002,797968,12944267386,2.765,,0.616,0.191,1.959,0.000,,28.230
Equatorial Guinea,GNQ,2003,847867,14778140796,3.130,,0.799,0.191,2.140,0.000,,30.590
Equatorial Guinea,GNQ,2004,899924,18414357582,6.137,,1.118,2.495,2.525,0.000,,6.190
Equatorial Guinea,GNQ,2005,947370,20168023886,6.206,,1.162,2.496,2.548,0.000,,22.590
Equatorial Guinea,GNQ,2006,990349,21346957199,6.172,,1.209,2.495,2.468,0.000,,27.605
Equatorial Guinea,GNQ,2007,1036053,24766652343,5.711,,1.238,1.924,2.549,0.000,,30.538
Equatorial Guinea,GNQ,2008,1084538,29298389312,5.926,,1.235,2.341,2.349,0.000,,30.181
Equatorial Guinea,GNQ,2009,1135683,29853093503,4.883,,1.197,1.666,2.020,0.000,,31.985
Equatorial Guinea,GNQ,2010,1189097,27366671882,6.377,,1.202,3.048,2.126,0.000,,30.762
Equatorial Guinea,GNQ,2011,1241843,29285788000,6.067,,1.221,3.160,1.687,0.000,,33.077
Equatorial Guinea,GNQ,2012,1293485,31730930000,6.875,,1.260,4.367,1.247,0.000,,32.073
Equatorial Guinea,GNQ,2013,1346220,30419136000,8.168,,1.253,5.644,1.271,0.000,,32.788
Equatorial Guinea,GNQ,2014,1399829,30256854000,7.641,,1.272,5.131,1.238,0.000,,30.612
Equatorial Guinea,GNQ,2015,1453925,28026102000,7.010,,1.276,4.648,1.087,0.000,,27.135
Equatorial Guinea,GNQ,2016,1508192,25203837269,7.538,,1.216,5.454,0.868,0.000,,26.796
Equatorial Guinea,GNQ,2017,1562401,23511758900,6.816,,1.124,5.117,0.574,0.000,,37.153
Equatorial Guinea,GNQ,2018,1616425,21813514918,7.034,,1.066,5.349,0.619,0.000,,26.916
Equatorial Guinea,GNQ,2019,1670184,20617750095,5.514,,1.096,3.884,0.534,0.000,,26.697
Equatorial Guinea,GNQ,2020,1716479,19743252847,6.390,,0.971,4.606,0.813,0.000,,30.358
Equatorial Guinea,GNQ,2021,1758796,19556604569,7.088,,0.975,5.634,0.479,0.000,,35.011
Equatorial Guinea,GNQ,2022,1803549,20191378731,7.497,,0.953,6.130,0.413,0.000,,36.921
Equatorial Guinea,GNQ,2023,1847556,,6.913,,0.983,5.542,0.389,0.000,,36.049
Equatorial Guinea,GNQ,2024,1892523,,7.010,,0.997,5.619,0.395,0.000,,31.068
Eritrea,ERI,2000,2247036,,0.604,,0.586,,0.000,0.018,,2.597
Eritrea,ERI,2001,2312083,,0.637,,0.619,,0.000,0.018,,2.845
Eritrea,ERI,2002,2392981,,0.509,,0.491,,0.000,0.018,,2.594
Eritrea,ERI,2003,2493906,,0.780,,0.762,,0.000,0.018,,3.110
Eritrea,ERI,2004,2598288,,0.633,,0.616,,0.000,0.018,,3.387
Eritrea,ERI,2005,2661215,,0.586,,0.568,,0.000,0.018,,3.389
Eritrea,ERI,2006,2703501,,0.454,,0.436,,0.000,0.018,,2.328
Eritrea,ERI,2007,2743226,,0.424,,0.407,,0.000,0.017,,2.391
Eritrea,ERI,2008,2816331,,0.398,,0.381,,0.000,0.017,,1.704
Eritrea,ERI,2009,2887887,,0.446,,0.429,,0.000,0.017,,2.060
Eritrea,ERI,2010,2945184,,0.468,,0.451,,0.000,0.017,,2.054
Eritrea,ERI,2011,2998493,,0.578,,0.517,,0.000,0.061,,2.093
Eritrea,ERI,2012,3036998,,0.608,,0.520,,0.000,0.088,,2.225
Eritrea,ERI,2013,3074367,,0.570,,0.480,,0.000,0.090,,2.270
Eritrea,ERI,2014,3095168,,0.569,,0.480,,0.000,0.089,,2.371
Eritrea,ERI,2015,3105554,,0.557,,0.480,,0.000,0.077,,2.352
Eritrea,ERI,2016,3124700,,0.554,,0.477,,0.000,0.077,,2.394
Eritrea,ERI,2017,3150350,,0.553,,0.484,,0.000,0.070,,2.630
Eritrea,ERI,2018,3192763,,0.616,,0.546,,0.000,0.070,,2.617
Eritrea,ERI,2019,3240194,,0.645,,0.575,,0.000,0.070,,2.586
Eritrea,ERI,2020,3291277,,0.641,,0.579,,0.000,0.062,,2.525
Eritrea,ERI,2021,3350185,,0.682,,0.612,,0.000,0.070,,2.661
Eritrea,ERI,2022,3409450,,0.718,,0.649,,0.000,0.070,,2.882
Eritrea,ERI,2023,3470391,,0.731,,0.661,,0.000,0.070,,3.022
Eritrea,ERI,2024,3535610,,0.743,,0.673,,0.000,0.070,,3.137
Eswatini,SWZ,2000,1041428,5050303320,1.205,0.533,0.672,,0.000,0.000,,6.778
Eswatini,SWZ,2001,1051066,5125500508,1.099,0.507,0.592,,0.000,0.000,,6.905
Eswatini,SWZ,2002,1059456,5280506497,1.081,0.487,0.594,,0.000,0.000,,6.981
Eswatini,SWZ,2003,1066706,5518729007,1.004,0.398,0.606,,0.000,0.000,,6.640
Eswatini,SWZ,2004,1073170,5696422388,1.004,0.393,0.610,,0.000,0.000,,6.350
Eswatini,SWZ,2005,1079022,6002942535,1.015,0.381,0.634,,0.000,0.000,,6.410
Eswatini,SWZ,2006,1084442,6319744849,1.015,0.386,0.629,,0.000,0.000,,6.781
Eswatini,SWZ,2007,1090713,6589486313,1.044,0.403,0.641,,0.000,0.000,,6.987
Eswatini,SWZ,2008,1098098,6906669172,1.019,0.413,0.606,,0.000,0.000,,6.797
Eswatini,SWZ,2009,1105158,7131566747,1.055,0.381,0.674,,0.000,0.000,,6.422
Eswatini,SWZ,2010,1111651,7332277029,0.997,0.369,0.628,,0.000,0.000,,6.202
Eswatini,SWZ,2011,1117845,7567466177,0.960,0.330,0.630,,0.000,0.000,,5.695
Eswatini,SWZ,2012,1123870,7793097968,1.110,0.458,0.652,,0.000,0.000,,5.496
Eswatini,SWZ,2013,1130000,8126636123,1.315,0.597,0.718,,0.000,0.000,,5.309
Eswatini,SWZ,2014,1136305,8327527350,0.762,0.048,0.714,,0.000,0.000,,5.492
Eswatini,SWZ,2015,1142822,8445665268,0.850,0.121,0.729,,0.000,0.000,,5.644
Eswatini,SWZ,2016,1149516,8545156780,1.022,0.216,0.806,,0.000,0.000,,5.875
Eswatini,SWZ,2017,1158198,8725282454,0.971,0.143,0.828,,0.000,0.000,,6.092
Eswatini,SWZ,2018,1168933,8936238936,1.015,0.143,0.872,,0.000,0.000,,6.385
Eswatini,SWZ,2019,1179885,9177836965,1.099,0.176,0.923,,0.000,0.000,,6.899
Eswatini,SWZ,2020,1192734,9034694873,0.989,0.142,0.847,,0.000,0.000,,6.843
Eswatini,SWZ,2021,1206598,9746927305,0.989,0.161,0.828,,0.000,0.000,,6.660
Eswatini,SWZ,2022,1218921,9594910875,1.028,0.180,0.849,,0.000,0.000,,6.247
Eswatini,SWZ,2023,1230507,,1.030,0.172,0.857,,0.000,0.000,,6.873
Eswatini,SWZ,2024,1242829,,1.045,0.180,0.865,,0.000,0.000,,6.968
Ethiopia,ETH,2000,67411496,50326965912,3.463,,3.107,,0.000,0.356,,16.043
Ethiopia,ETH,2001,69487767,52434129516,4.265,,3.902,,0.000,0.362,,17.023
Ethiopia,ETH,2002,71635521,54501781462,4.432,,4.071,,0.000,0.361,,17.624
Ethiopia,ETH,2003,73832664,53892038989,4.870,,4.419,,0.000,0.451,,18.929
Ethiopia,ETH,2004,76077211,55845384136,5.159,,4.635,,0.000,0.524,,20.149
Ethiopia,ETH,2005,78367476,61634778962,4.956,,4.335,,0.000,0.622,,23.296
Ethiopia,ETH,2006,80703495,67217118145,5.318,,4.639,,0.000,0.680,,25.334
Ethiopia,ETH,2007,83103218,73421784125,5.840,,5.210,,0.000,0.629,,28.480
Ethiopia,ETH,2008,85543670,79756503135,6.418,0.040,5.672,,0.000,0.705,,30.282
Ethiopia,ETH,2009,88007641,86391027022,6.453,0.110,5.693,,0.000,0.650,,31.171
Ethiopia,ETH,2010,90538518,94148625646,6.344,0.132,5.580,,0.000,0.632,,32.676
Ethiopia,ETH,2011,93149977,104948629242,7.355,0.396,6.163,,0.000,0.796,,35.695
Ethiopia,ETH,2012,95798771,116345224724,7.988,0.524,6.108,,0.000,1.357,,39.174
Ethiopia,ETH,2013,98438752,128310309167,9.744,0.678,7.317,,0.000,1.749,,45.918
Ethiopia,ETH,2014,101115615,141950543442,11.543,0.946,8.496,,0.000,2.102,,52.719
Ethiopia,ETH,2015,103867140,157107146471,12.564,0.990,8.668,,0.000,2.906,,55.387
Ethiopia,ETH,2016,106718163,173708917362,14.323,1.245,9.784,,0.000,3.294,,63.782
Ethiopia,ETH,2017,109666482,190761659136,14.603,1.212,9.861,,0.003,3.526,,63.728
Ethiopia,ETH,2018,112664157,206205566995,16.117,1.392,11.036,,0.008,3.681,,69.216
Ethiopia,ETH,2019,115737384,221885291686,17.177,1.495,12.311,,0.000,3.371,,79.654
Ethiopia,ETH,2020,118917670,237860193068,16.735,1.700,11.237,,0.000,3.797,,68.735
Ethiopia,ETH,2021,122138588,251849804145,17.906,2.308,11.917,,0.000,3.681,,77.741
Ethiopia,ETH,2022,125384285,269977225159,16.960,2.455,11.560,,0.000,2.945,,81.665
Ethiopia,ETH,2023,128691695,,17.571,2.838,11.787,,0.000,2.945,,88.312
Ethiopia,ETH,2024,132059770,,17.837,2.898,11.994,,0.000,2.945,,90.554
Gabon,GAB,2000,1275578,12538030035,6.128,,1.041,0.234,4.768,0.085,,9.896
Gabon,GAB,2001,1309594,13408080502,6.480,,1.257,0.245,4.881,0.097,,10.622
Gabon,GAB,2002,1345142,13745891364,6.250,,1.183,0.256,4.707,0.103,,10.577
Gabon,GAB,2003,1382354,14717147740,6.746,,1.159,0.271,5.212,0.104,,10.300
Gabon,GAB,2004,1421620,15597639635,6.386,,1.212,0.267,4.804,0.103,,10.572
Gabon,GAB,2005,1463503,16662264363,6.223,,1.400,0.278,4.442,0.103,,11.598
Gabon,GAB,2006,1508338,17083887620,5.543,,1.444,0.289,3.707,0.102,,11.703
Gabon,GAB,2007,1556242,19294943982,5.038,,1.576,0.311,3.062,0.089,,11.899
Gabon,GAB,2008,1607182,19821156608,5.379,,1.612,0.348,3.330,0.088,,12.006
Gabon,GAB,2009,1661567,21001791917,5.304,,1.559,0.462,3.188,0.096,,11.788
Gabon,GAB,2010,1719883,23885406357,5.528,,1.656,0.619,3.167,0.086,,14.095
Gabon,GAB,2011,1781987,27165828850,5.447,,1.817,0.696,2.847,0.086,,14.597
Gabon,GAB,2012,1846893,28592310064,5.016,,1.699,0.714,2.527,0.076,,18.603
Gabon,GAB,2013,1913061,30169739768,5.190,,1.850,0.703,2.570,0.066,,18.762
Gabon,GAB,2014,1978400,31507773384,5.663,,1.795,1.019,2.780,0.070,,19.923
Gabon,GAB,2015,2040990,32729961516,5.772,,1.744,1.019,2.932,0.077,,18.928
Gabon,GAB,2016,2100310,33414337569,5.613,,1.649,1.022,2.810,0.132,,18.587
Gabon,GAB,2017,2156902,33572391290,5.501,,1.627,0.905,2.825,0.143,,19.956
Gabon,GAB,2018,2212320,33855404131,5.563,,1.850,0.982,2.541,0.190,,16.669
Gabon,GAB,2019,2267711,35180839675,5.607,,1.797,0.862,2.740,0.209,,16.468
Gabon,GAB,2020,2322538,34525072669,5.636,,1.740,0.931,2.760,0.205,,15.931
Gabon,GAB,2021,2376729,35037430976,5.545,,1.974,0.842,2.516,0.213,,15.603
Gabon,GAB,2022,2430750,36035291983,5.783,,1.759,1.167,2.637,0.221,,16.637
Gabon,GAB,2023,2484790,,5.321,,1.814,1.055,2.231,0.221,,16.609
Gabon,GAB,2024,2538953,,5.399,,1.839,1.069,2.269,0.221,,17.172
Gambia,GMB,2000,1455095,1955249650,0.275,,0.275,,0.000,0.000,,1.266
Gambia,GMB,2001,1495023,2082662873,0.300,,0.300,,0.000,0.000,,1.379
Gambia,GMB,2002,1535700,2108436308,0.300,,0.300,,0.000,0.000,,1.373
Gambia,GMB,2003,1577619,2172586623,0.300,,0.300,,0.000,0.000,,1.373
Gambia,GMB,2004,1621309,2391385185,0.319,,0.319,,0.000,0.000,,1.449
Gambia,GMB,2005,1667035,2386414713,0.319,,0.319,,0.000,0.000,,1.462
Gambia,GMB,2006,1715285,2432257588,0.348,,0.348,,0.000,0.000,,1.589
Gambia,GMB,2007,1765778,2539291281,0.348,,0.348,,0.000,0.000,,1.646
Gambia,GMB,2008,1817859,2704420689,0.363,,0.363,,0.000,0.000,,1.710
Gambia,GMB,2009,1871428,2899496318,0.374,,0.374,,0.000,0.000,,1.836
Gambia,GMB,2010,1926634,3111135545,0.432,,0.432,,0.000,0.000,,2.003
Gambia,GMB,2011,1983785,3000862000,0.443,,0.443,,0.000,0.000,,2.105
Gambia,GMB,2012,2043097,3174000000,0.451,,0.451,,0.000,0.000,,2.053
Gambia,GMB,2013,2103825,3327261000,0.429,,0.429,,0.000,0.000,,2.043
Gambia,GMB,2014,2164535,3357018000,0.506,,0.506,,0.000,0.000,,2.260
Gambia,GMB,2015,2224530,3514848000,0.583,,0.583,,0.000,0.000,,2.313
Gambia,GMB,2016,2283775,3558432648,0.590,,0.590,,0.000,0.000,,2.332
Gambia,GMB,2017,2342191,3704517995,0.597,,0.597,,0.000,0.000,,2.372
Gambia,GMB,2018,2399633,3947001965,0.649,,0.649,,0.000,0.000,,1.932
Gambia,GMB,2019,2456847,4192588256,0.711,,0.711,,0.000,0.000,,1.977
Gambia,GMB,2020,2515744,4217390293,0.700,,0.700,,0.000,0.000,,1.779
Gambia,GMB,2021,2576015,4439051582,0.725,,0.725,,0.000,0.000,,2.040
Gambia,GMB,2022,2636472,4656793663,0.808,,0.808,,0.000,0.000,,2.100
Gambia,GMB,2023,2697846,,0.773,,0.773,,0.000,0.000,,2.232
Gambia,GMB,2024,2759999,,0.803,,0.803,,0.000,0.000,,2.301
Ghana,GHA,2000,19637085,41569375833,5.313,,5.313,,0.000,0.000,,28.607
Ghana,GHA,2001,20167073,43462708607,5.969,,5.969,,0.000,0.000,,28.597
Ghana,GHA,2002,20729392,45606385848,6.483,,6.471,,0.013,0.000,,28.444
Ghana,GHA,2003,21296710,48182826322,6.685,,6.679,,0.005,0.000,,27.527
Ghana,GHA,2004,21868298,51015950853,6.451,,6.397,,0.053,0.000,,31.337
Ghana,GHA,2005,22449446,54178109578,6.113,,6.090,,0.024,0.000,,31.845
Ghana,GHA,2006,23040704,57735681030,8.523,,8.453,,0.070,0.000,,30.837
Ghana,GHA,2007,23642284,60409358255,8.982,,8.922,,0.060,0.000,,32.114
Ghana,GHA,2008,24249945,66155974151,8.324,,8.233,,0.091,0.000,,34.637
Ghana,GHA,2009,24862667,69564814012,6.868,,6.793,0.011,0.064,0.000,,40.491
Ghana,GHA,2010,25475000,75296610301,8.943,,8.090,0.810,0.043,0.000,,41.900
Ghana,GHA,2011,26095091,86160263888,10.329,,8.680,1.583,0.055,0.011,,55.035
Ghana,GHA,2012,26734273,93421855305,12.641,,11.750,0.802,0.067,0.021,,56.374
Ghana,GHA,2013,27386193,100187456075,12.610,,11.831,0.601,0.160,0.018,,59.633
Ghana,GHA,2014,28041592,103048820009,13.257,,11.737,1.278,0.221,0.021,,60.527
Ghana,GHA,2015,28696071,105234477793,14.568,,11.857,2.440,0.245,0.026,,72.173
Ghana,GHA,2016,29356736,108784039058,13.914,,12.370,1.425,0.094,0.025,,73.760
Ghana,GHA,2017,30008364,117627099029,12.437,,9.448,2.360,0.608,0.021,,73.757
Ghana,GHA,2018,30637592,124919973796,15.190,,11.438,3.379,0.351,0.022,,73.626
Ghana,GHA,2019,31258943,133049773378,16.415,,12.018,4.104,0.261,0.033,,79.992
Ghana,GHA,2020,31887802,133733644694,19.164,,12.255,6.208,0.664,0.037,,94.161
Ghana,GHA,2021,32518662,140896419821,20.556,,12.822,6.568,1.127,0.039,,103.083
Ghana,GHA,2022,33149152,145431875240,20.745,,12.622,7.151,0.932,0.039,,101.488
Ghana,GHA,2023,33787916,,20.136,,12.070,7.070,0.956,0.039,,106.720
Ghana,GHA,2024,34427417,,21.022,,12.541,7.679,0.763,0.039,,112.348
Guinea,GIN,2000,8428837,8142368042,1.444,,1.444,,0.000,0.000,,6.972
Guinea,GIN,2001,8539963,8530150477,1.517,,1.517,,0.000,0.000,,7.417
Guinea,GIN,2002,8674072,9080053247,1.579,,1.579,,0.000,0.000,,7.714
Guinea,GIN,2003,8870790,9309105966,1.652,,1.652,,0.000,0.000,,7.850
Guinea,GIN,2004,9062724,9645747516,1.722,,1.722,,0.000,0.000,,8.268
Guinea,GIN,2005,9245844,10059820577,1.784,,1.784,,0.000,0.000,,8.486
Guinea,GIN,2006,9441174,10279820925,1.847,,1.847,,0.000,0.000,,8.719
Guinea,GIN,2007,9662278,11105668501,1.927,,1.927,,0.000,0.000,,9.169
Guinea,GIN,2008,9898870,11730748654,1.964,,1.964,,0.000,0.000,,9.290
Guinea,GIN,2009,10143540,11707653951,2.092,,2.092,,0.000,0.000,,9.826
Guinea,GIN,2010,10396090,12362234837,2.459,,2.459,,0.000,0.000,,11.451
Guinea,GIN,2011,10656812,13233698841,2.557,,2.557,,0.000,0.000,,11.815
Guinea,GIN,2012,10921580,14087313893,2.393,,2.393,,0.000,0.000,,11.333
Guinea,GIN,2013,11191874,14709018009,2.077,,2.077,,0.000,0.000,,9.991
Guinea,GIN,2014,11472921,14874105154,2.371,,2.371,,0.000,0.000,,10.458
Guinea,GIN,2015,11767077,14900874140,2.454,,2.454,,0.000,0.000,,12.055
Guinea,GIN,2016,12073031,16533568057,2.700,,2.700,,0.000,0.000,,13.456
Guinea,GIN,2017,12385668,18265129177,4.847,,4.847,,0.000,0.000,,13.342
Guinea,GIN,2018,12704776,19467826772,3.770,,3.770,,0.000,0.000,,15.976
Guinea,GIN,2019,13034349,20561330331,4.104,,4.104,,0.000,0.000,,18.461
Guinea,GIN,2020,13371185,21528646361,4.430,,4.430,,0.000,0.000,,20.790
Guinea,GIN,2021,13710515,22615336825,4.068,,4.068,,0.000,0.000,,20.970
Guinea,GIN,2022,14055136,23678257190,4.052,,4.052,,0.000,0.000,,21.539
Guinea,GIN,2023,14405469,,3.875,,3.875,,0.000,0.000,,21.378
Guinea,GIN,2024,14754779,,4.026,,4.026,,0.000,0.000,,21.888
Guinea-Bissau,GNB,2000,1234747,1486201658,0.051,,0.051,,0.000,0.000,,0.997
Guinea-Bissau,GNB,2001,1261281,1520990575,0.048,,0.048,,0.000,0.000,,1.015
Guinea-Bissau,GNB,2002,1289317,1507700424,0.062,,0.062,,0.000,0.000,,1.037
Guinea-Bissau,GNB,2003,1318809,1522869105,0.073,,0.073,,0.000,0.000,,1.206
Guinea-Bissau,GNB,2004,1349569,1573921435,0.044,,0.044,,0.000,0.000,,1.247
Guinea-Bissau,GNB,2005,1381590,1653070519,0.092,,0.092,,0.000,0.000,,1.264
Guinea-Bissau,GNB,2006,1415315,1701901067,0.117,,0.117,,0.000,0.000,,1.292
Guinea-Bissau,GNB,2007,1450989,1768965179,0.084,,0.084,,0.000,0.000,,1.373
Guinea-Bissau,GNB,2008,1488059,1837842538,0.117,,0.117,,0.000,0.000,,1.337
Guinea-Bissau,GNB,2009,1526384,1913611627,0.099,,0.099,,0.000,0.000,,1.386
Guinea-Bissau,GNB,2010,1566352,2015432308,0.103,,0.103,,0.000,0.000,,1.422
Guinea-Bissau,GNB,2011,1608084,2192198781,0.110,,0.110,,0.000,0.000,,1.443
Guinea-Bissau,GNB,2012,1651425,2160239109,0.114,,0.114,,0.000,0.000,,1.471
Guinea-Bissau,GNB,2013,1695980,2238347369,0.143,,0.143,,0.000,0.000,,1.506
Guinea-Bissau,GNB,2014,1741126,2253617077,0.143,,0.143,,0.000,0.000,,1.582
Guinea-Bissau,GNB,2015,1786461,2372699688,0.154,,0.154,,0.000,0.000,,1.635
Guinea-Bissau,GNB,2016,1831898,2519068025,0.169,,0.169,,0.000,0.000,,1.702
Guinea-Bissau,GNB,2017,1877074,2668676184,0.183,,0.183,,0.000,0.000,,1.377
Guinea-Bissau,GNB,2018,1922167,2771625236,0.198,,0.198,,0.000,0.000,,0.941
Guinea-Bissau,GNB,2019,1967704,2896348420,0.256,,0.256,,0.000,0.000,,1.181
Guinea-Bissau,GNB,2020,2013259,2939793794,0.311,,0.311,,0.000,0.000,,1.405
Guinea-Bissau,GNB,2021,2058841,3127940606,0.341,,0.341,,0.000,0.000,,1.520
Guinea-Bissau,GNB,2022,2105535,3259313986,0.344,,0.344,,0.000,0.000,,1.545
Guinea-Bissau,GNB,2023,2153343,,0.329,,0.329,,0.000,0.000,,1.443
Guinea-Bissau,GNB,2024,2201360,,0.342,,0.342,,0.000,0.000,,1.525
Kenya,KEN,2000,30642893,59408907766,10.385,0.176,9.662,,0.000,0.547,,41.393
Kenya,KEN,2001,31619170,62956470966,9.224,0.176,8.530,,0.000,0.518,,39.857
Kenya,KEN,2002,32629809,64478127960,7.819,0.264,6.969,,0.000,0.587,,40.693
Kenya,KEN,2003,33652233,67617075406,6.716,0.245,5.679,,0.000,0.791,,37.414
Kenya,KEN,2004,34713453,72070033430,7.621,0.286,6.441,,0.000,0.894,,41.256
Kenya,KEN,2005,35796485,77598831261,8.454,0.333,7.164,,0.000,0.957,,45.088
Kenya,KEN,2006,36904010,83653248054,9.567,0.443,8.039,,0.000,1.085,,49.832
Kenya,KEN,2007,38036354,91060343688,9.734,0.400,8.156,,0.000,1.179,,49.790
Kenya,KEN,2008,39206349,92971180385,10.099,0.410,8.413,,0.000,1.276,,50.519
Kenya,KEN,2009,40408887,97792492598,12.185,0.366,10.321,,0.000,1.497,,56.497
Kenya,KEN,2010,41598570,108082167772,11.857,0.627,9.688,,0.000,1.543,,60.196
Kenya,KEN,2011,42758467,117152107312,12.218,0.894,10.201,,0.000,1.123,,62.647
Kenya,KEN,2012,43888306,122504792826,11.246,0.802,9.282,,0.000,1.162,,59.439
Kenya,KEN,2013,44986794,127157517259,12.163,0.887,9.929,,0.000,1.347,,64.054
Kenya,KEN,2014,46051441,133540839466,13.214,1.099,10.363,,0.000,1.753,,67.697
Kenya,KEN,2015,47088528,140175144054,15.212,1.162,12.523,,0.000,1.528,,78.724
Kenya,KEN,2016,48139683,146082118752,16.289,1.147,13.483,,0.000,1.659,,83.921
Kenya,KEN,2017,49197757,151656608610,16.181,1.081,13.374,,0.000,1.727,,84.989
Kenya,KEN,2018,50207109,160257055688,17.003,1.619,13.994,,0.000,1.390,,82.575
Kenya,KEN,2019,51202829,168452589868,18.159,1.429,15.195,,0.000,1.535,,85.950
Kenya,KEN,2020,52217327,168031463891,19.990,1.920,16.106,,0.000,1.963,,81.733
Kenya,KEN,2021,53219167,180662393951,20.590,2.228,15.180,,0.000,3.182,,87.007
Kenya,KEN,2022,54252458,190362153076,20.544,2.729,14.211,,0.000,3.604,,87.344
Kenya,KEN,2023,55339007,,21.186,3.156,14.490,,0.000,3.540,,89.089
Kenya,KEN,2024,56432946,,21.225,3.222,14.745,,0.000,3.259,,94.626
Lesotho,LSO,2000,2003919,3769602063,1.850,1.472,0.378,,0.000,0.000,,1.896
Lesotho,LSO,2001,2000859,3838921434,1.872,1.491,0.381,,0.000,0.000,,1.924
Lesotho,LSO,2002,1994686,3773087839,1.905,1.516,0.389,,0.000,0.000,,1.949
Lesotho,LSO,2003,1985060,3857951274,1.931,1.543,0.388,,0.000,0.000,,1.976
Lesotho,LSO,2004,1971130,3857815847,1.979,1.572,0.407,,0.000,0.000,,2.051
Lesotho,LSO,2005,1953080,3870538474,2.012,1.598,0.414,,0.000,0.000,,2.207
Lesotho,LSO,2006,1945066,3946096482,2.034,1.624,0.410,,0.000,0.000,,2.286
Lesotho,LSO,2007,1953273,4038812448,2.074,1.652,0.421,,0.000,0.000,,2.921
Lesotho,LSO,2008,1966547,4170596962,2.121,1.682,0.440,,0.000,0.000,,2.499
Lesotho,LSO,2009,1980884,4214040389,2.217,1.711,0.506,,0.000,0.000,,2.911
Lesotho,LSO,2010,1996256,4442653593,2.275,1.751,0.524,,0.000,0.000,,3.109
Lesotho,LSO,2011,2014015,4516050000,2.759,2.210,0.549,,0.000,0.000,,3.033
Lesotho,LSO,2012,2034363,4740080000,2.792,2.198,0.594,,0.000,0.000,,3.283
Lesotho,LSO,2013,2056509,4954224000,2.125,1.532,0.594,,0.000,0.000,,3.312
Lesotho,LSO,2014,2080091,5134648000,2.242,1.671,0.572,,0.000,0.000,,3.415
Lesotho,LSO,2015,2104614,5279080000,2.045,1.433,0.612,,0.000,0.000,,3.320
Lesotho,LSO,2016,2130424,5418793037,2.026,1.378,0.649,,0.000,0.000,,3.701
Lesotho,LSO,2017,2157117,5197453242,2.286,1.634,0.652,,0.000,0.000,,3.974
Lesotho,LSO,2018,2183611,5068079163,2.165,1.480,0.685,,0.000,0.000,,3.868
Lesotho,LSO,2019,2209414,4996214053,2.187,1.470,0.717,,0.000,0.000,,4.024
Lesotho,LSO,2020,2235727,4623560803,1.986,1.352,0.634,,0.000,0.000,,3.607
Lesotho,LSO,2021,2261549,4709220668,3.096,2.400,0.696,,0.000,0.000,,3.971
Lesotho,LSO,2022,2286112,4761723180,2.551,1.638,0.914,,0.000,0.000,,4.820
Lesotho,LSO,2023,2311476,,2.494,1.571,0.923,,0.000,0.000,,4.262
Lesotho,LSO,2024,2337428,,2.572,1.641,0.931,,0.000,0.000,,3.931
Liberia,LBR,2000,2928117,2767093377,0.402,,0.374,,0.000,0.029,,1.891
Liberia,LBR,2001,3015343,3200677181,0.414,,0.388,,0.000,0.025,,2.017
Liberia,LBR,2002,3094793,3998735673,0.432,,0.410,,0.000,0.022,,1.989
Liberia,LBR,2003,3119534,2541250362,0.461,,0.451,,0.000,0.010,,2.179
Liberia,LBR,2004,3156893,2286431759,0.543,,0.495,,0.000,0.048,,2.363
Liberia,LBR,2005,3301016,2369891568,0.651,,0.594,,0.000,0.057,,2.767
Liberia,LBR,2006,3490792,2547129019,0.669,,0.608,,0.000,0.061,,2.834
Liberia,LBR,2007,3669050,2664910191,0.629,,0.568,,0.000,0.061,,2.645
Liberia,LBR,2008,3821006,2922602346,0.531,,0.495,,0.000,0.036,,2.343
Liberia,LBR,2009,3943035,3108980113,0.522,,0.495,,0.000,0.027,,2.139
Liberia,LBR,2010,4058897,3260614939,0.709,,0.682,,0.000,0.028,,3.368
Liberia,LBR,2011,4221177,3266880000,0.822,,0.791,,0.000,0.031,,3.750
Liberia,LBR,2012,4373046,3532273000,0.915,,0.868,,0.000,0.047,,4.159
Liberia,LBR,2013,4470246,3819600000,0.874,,0.799,,0.000,0.076,,3.679
Liberia,LBR,2014,4564299,3843632000,0.734,,0.619,,0.000,0.114,,4.844
Liberia,LBR,2015,4659436,3857900000,0.699,,0.583,,0.000,0.115,,4.862
Liberia,LBR,2016,4755607,3859976097,0.647,,0.553,,0.000,0.093,,5.590
Liberia,LBR,2017,4848927,3977674130,0.667,,0.557,,0.000,0.110,,4.826
Liberia,LBR,2018,4944728,4051631897,0.609,,0.480,,0.000,0.129,,2.180
Liberia,LBR,2019,5043719,3959325948,0.932,,0.799,,0.000,0.133,,3.623
Liberia,LBR,2020,5149470,3845664451,0.777,,0.616,,0.000,0.161,,2.824
Liberia,LBR,2021,5259327,4037436536,0.783,,0.575,,0.000,0.207,,2.675
Liberia,LBR,2022,5373297,4231561135,0.864,,0.680,,0.000,0.184,,3.113
Liberia,LBR,2023,5493035,,0.834,,0.650,,0.000,0.184,,3.120
Liberia,LBR,2024,5612813,,0.859,,0.676,,0.000,0.184,,3.198
Libya,LBY,2000,5305020,49983450587,53.239,0.000,34.152,9.497,8.376,1.213,,212.946
Libya,LBY,2001,5403639,54225701449,53.114,0.000,34.563,10.076,7.267,1.208,,214.660
Libya,LBY,2002,5508412,57785797189,52.525,0.000,33.833,10.431,6.937,1.324,,221.283
Libya,LBY,2003,5619405,70475273789,55.481,0.000,34.939,10.564,8.579,1.398,,218.016
Libya,LBY,2004,5736696,79415538130,56.854,0.000,34.605,12.865,7.951,1.432,,223.347
Libya,LBY,2005,5858793,94523140632,55.986,0.000,34.984,10.915,8.652,1.435,,230.981
Libya,LBY,2006,5980212,108872914713,51.450,0.004,32.192,8.955,8.219,2.081,,211.797
Libya,LBY,2007,6104381,123716329182,44.392,0.000,25.219,9.944,7.213,2.016,,210.398
Libya,LBY,2008,6235433,153726726038,49.699,0.000,29.810,10.281,7.489,2.119,,218.432
Libya,LBY,2009,6366689,165559661154,51.627,,31.340,11.235,6.548,2.503,,249.987
Libya,LBY,2010,6497837,187528533215,59.148,,36.117,13.197,7.134,2.699,,263.611
Libya,LBY,2011,6343210,79210078190,53.542,,34.563,8.486,9.155,1.339,,173.009
Libya,LBY,2012,6179327,147985814988,61.606,,31.719,17.946,11.176,0.765,,215.571
Libya,LBY,2013,6304636,121351322417,51.344,,21.669,21.105,7.792,0.778,,231.857
Libya,LBY,2014,6427260,93388346336,68.348,,41.339,18.843,5.454,2.712,,226.439
Libya,LBY,2015,6531825,92601079752,60.866,,31.992,22.026,4.911,1.937,,180.196
Libya,LBY,2016,6632130,91220396354,57.379,,25.514,25.895,4.381,1.589,,176.376
Libya,LBY,2017,6738771,120859728232,67.092,,26.173,31.827,7.348,1.744,,277.402
Libya,LBY,2018,6849058,130457185445,62.645,,25.912,26.187,8.802,1.744,,266.794
Libya,LBY,2019,6951040,115851209708,73.778,,44.266,18.484,9.633,1.395,,228.312
Libya,LBY,2020,7045403,81726075633,36.111,,21.958,8.339,4.651,1.162,,180.684
Libya,LBY,2021,7135179,104883157614,56.312,,30.624,13.249,11.277,1.162,,220.426
Libya,LBY,2022,7223804,91444480945,58.974,,32.555,15.066,10.191,1.162,,225.654
Libya,LBY,2023,7305659,,64.219,,35.114,15.156,12.787,1.162,,223.297
Libya,LBY,2024,7381029,,65.260,,36.869,15.432,11.797,1.162,,246.253
Madagascar,MDG,2000,16516336,19457200304,1.955,0.026,1.909,,0.000,0.021,,8.534
Madagascar,MDG,2001,17032933,20850416898,1.747,0.026,1.700,,0.000,0.021,,8.361
Madagascar,MDG,2002,17549915,18473840634,1.232,0.026,1.194,,0.000,0.012,,6.231
Madagascar,MDG,2003,18071860,20509701124,1.699,0.026,1.594,,0.000,0.080,,8.140
Madagascar,MDG,2004,18606606,21834931987,1.804,0.026,1.711,,0.000,0.068,,8.922
Madagascar,MDG,2005,19159711,23129761607,1.741,0.044,1.638,,0.000,0.059,,8.586
Madagascar,MDG,2006,19730916,24652234312,1.675,0.040,1.576,,0.000,0.059,,8.473
Madagascar,MDG,2007,20318590,26539188296,1.728,0.026,1.598,,0.000,0.105,,8.971
Madagascar,MDG,2008,20923842,28762450059,1.787,0.037,1.689,,0.000,0.062,,9.631
Madagascar,MDG,2009,21547277,27725052410,1.699,0.037,1.608,,0.000,0.054,,8.288
Madagascar,MDG,2010,22183343,28122419419,1.872,0.106,1.704,,0.000,0.062,,8.888
Madagascar,MDG,2011,22822305,28843634595,2.330,0.355,1.898,,0.000,0.076,,10.163
Madagascar,MDG,2012,23462444,29712119552,2.660,0.615,1.958,,0.000,0.088,,12.156
Madagascar,MDG,2013,24109290,30395500923,3.061,0.994,1.977,,0.000,0.090,,12.704
Madagascar,MDG,2014,24764356,31410405446,2.971,0.898,2.015,,0.000,0.058,,13.783
Madagascar,MDG,2015,25426703,32394175176,3.121,0.923,2.140,,0.000,0.058,,15.190
Madagascar,MDG,2016,26099950,33687674194,3.257,0.901,2.297,,0.000,0.058,,16.096
Madagascar,MDG,2017,26788379,35012614968,3.804,1.282,2.444,,0.000,0.077,,14.813
Madagascar,MDG,2018,27494930,36130917975,3.604,1.114,2.440,,0.000,0.050,,12.727
Madagascar,MDG,2019,28219559,37724649896,4.147,1.253,2.847,,0.000,0.046,,15.555
Madagascar,MDG,2020,28953560,35031864099,3.788,1.231,2.499,,0.000,0.058,,11.850
Madagascar,MDG,2021,29691087,37042695870,4.246,1.268,2.920,,0.000,0.058,,15.657
Madagascar,MDG,2022,30437261,38602188321,4.210,1.138,3.013,,0.000,0.058,,16.568
Madagascar,MDG,2023,31195937,,4.447,1.316,3.072,,0.000,0.058,,16.160
Madagascar,MDG,2024,31964960,,4.528,1.344,3.126,,0.000,0.058,,16.416
Malawi,MWI,2000,11315947,11274206470,0.854,0.165,0.634,,0.000,0.055,,4.868
Malawi,MWI,2001,11593057,10808318915,0.777,0.125,0.597,,0.000,0.055,,4.657
Malawi,MWI,2002,11880443,10984271331,0.856,0.180,0.623,,0.000,0.054,,4.506
Malawi,MWI,2003,12181575,11581699921,0.915,0.169,0.667,,0.000,0.079,,4.794
Malawi,MWI,2004,12500736,12176822884,0.902,0.161,0.703,,0.000,0.037,,5.053
Malawi,MWI,2005,12840034,12535229211,0.845,0.158,0.678,,0.000,0.010,,4.723
Malawi,MWI,2006,13198699,13079496449,0.851,0.158,0.689,,0.000,0.005,,4.926
Malawi,MWI,2007,13576344,14282894527,0.919,0.158,0.739,,0.000,0.022,,4.865
Malawi,MWI,2008,13976415,15293785292,0.999,0.150,0.846,,0.000,0.002,,5.619
Malawi,MWI,2009,14395788,16486871191,1.018,0.142,0.865,,0.000,0.010,,5.132
Malawi,MWI,2010,14826466,17495879385,0.972,0.169,0.788,,0.000,0.016,,6.237
Malawi,MWI,2011,15265026,18220347468,1.034,0.216,0.806,,0.000,0.012,,6.213
Malawi,MWI,2012,15709577,18563980884,1.041,0.191,0.824,,0.000,0.026,,6.194
Malawi,MWI,2013,16161816,19529310978,1.120,0.194,0.854,,0.000,0.072,,6.322
Malawi,MWI,2014,16621534,20642483934,1.015,0.176,0.714,,0.000,0.125,,6.462
Malawi,MWI,2015,17085587,21251437245,1.050,0.198,0.780,,0.000,0.072,,6.182
Malawi,MWI,2016,17557741,21733841491,1.172,0.180,0.923,,0.000,0.070,,6.760
Malawi,MWI,2017,18039714,22603193649,1.193,0.172,0.923,,0.000,0.097,,7.264
Malawi,MWI,2018,18528086,23595927755,1.690,0.205,1.378,,0.000,0.107,,6.832
Malawi,MWI,2019,19025748,24881432457,1.695,0.212,1.371,,0.000,0.112,,7.988
Malawi,MWI,2020,19533885,25108605204,1.868,0.194,1.429,,0.000,0.245,,7.862
Malawi,MWI,2021,20047264,26255309111,1.682,0.132,1.315,,0.000,0.236,,7.850
Malawi,MWI,2022,20568731,26465351444,1.801,0.150,1.411,,0.000,0.240,,8.075
Malawi,MWI,2023,21104480,,1.853,0.173,1.439,,0.000,0.240,,8.065
Malawi,MWI,2024,21655288,,1.881,0.177,1.464,,0.000,0.240,,8.645
Mali,MLI,2000,11559291,12490372339,1.066,,1.066,,0.000,0.000,,4.095
Mali,MLI,2001,11912162,14257391001,1.161,,1.161,,0.000,0.000,,4.138
Mali,MLI,2002,12288051,14544531770,1.209,,1.209,,0.000,0.000,,4.004
Mali,MLI,2003,12684951,15730792757,1.246,,1.246,,0.000,,,3.811
Mali,MLI,2004,13102415,15828925288,1.414,,1.414,,0.000,,,4.016
Mali,MLI,2005,13538648,16700213321,1.458,,1.458,,0.000,,,4.279
Mali,MLI,2006,13990143,17320423242,1.535,,1.535,,0.000,,,5.093
Mali,MLI,2007,14457776,17779653731,1.784,,1.784,,0.000,,,6.149
Mali,MLI,2008,14940786,18486110807,1.957,,1.957,,0.000,,,7.292
Mali,MLI,2009,15435536,19186286887,1.887,,1.887,,0.000,,,9.295
Mali,MLI,2010,15945201,20054729287,2.088,,2.088,,0.000,,,9.577
Mali,MLI,2011,16469054,20518694824,2.279,,2.279,,0.000,0.000,,11.087
Mali,MLI,2012,16957039,20347159384,2.437,,2.437,,0.000,0.000,,11.098
Mali,MLI,2013,17459619,20814126326,2.743,,2.572,,0.000,0.171,,12.084
Mali,MLI,2014,18020267,22288805151,3.139,,2.884,,0.000,0.256,,12.978
Mali,MLI,2015,18593022,23664472662,3.399,,3.155,,0.000,0.244,,15.588
Mali,MLI,2016,19191298,25049317347,4.286,,4.034,,0.000,0.252,,19.424
Mali,MLI,2017,19813016,26378184458,4.767,,4.507,,0.000,0.260,,21.441
Mali,MLI,2018,20442031,27630093375,5.198,,4.811,,0.000,0.387,,22.246
Mali,MLI,2019,21068405,28946666484,5.594,,5.207,,0.000,0.387,,24.191
Mali,MLI,2020,21713837,28586570096,6.330,,5.749,,0.000,0.581,,26.535
Mali,MLI,2021,22388637,29459890071,7.393,,6.734,,0.000,0.659,,31.056
Mali,MLI,2022,23072641,30551085997,7.020,,6.322,,0.000,0.697,,29.284
Mali,MLI,2023,23769130,,6.743,,6.046,,0.000,0.697,,28.156
Mali,MLI,2024,24478597,,6.979,,6.281,,0.000,0.697,,29.032
Mauritania,MRT,2000,2613450,4838789905,1.114,0.000,1.114,,0.000,0.000,,4.982
Mauritania,MRT,2001,2678766,5040767611,1.172,,1.172,,0.000,0.000,,5.198
Mauritania,MRT,2002,2738659,5178324094,1.249,,1.249,,0.000,0.000,,5.588
Mauritania,MRT,2003,2802050,5603753283,1.286,,1.286,,0.000,0.000,,5.842
Mauritania,MRT,2004,2868671,6050710140,1.385,,1.385,,0.000,0.000,,6.284
Mauritania,MRT,2005,2939060,6728916707,1.434,,1.433,,0.001,0.000,,6.553
Mauritania,MRT,2006,3013659,8166141817,1.550,,1.422,,0.128,0.000,,6.376
Mauritania,MRT,2007,3093065,8570478345,1.758,,1.638,,0.120,0.000,,7.208
Mauritania,MRT,2008,3183276,8846256694,1.831,,1.770,,0.061,0.000,,8.880
Mauritania,MRT,2009,3284454,8935093258,2.012,,1.960,,0.052,0.000,,8.727
Mauritania,MRT,2010,3390968,9559709837,2.094,,2.045,,0.049,0.000,,8.657
Mauritania,MRT,2011,3502813,10187328000,2.227,,2.151,,0.076,0.000,,9.311
Mauritania,MRT,2012,3619035,10792467000,2.448,,2.345,,0.103,0.000,,10.324
Mauritania,MRT,2013,3734324,11410722000,2.169,,2.063,,0.106,0.000,,9.237
Mauritania,MRT,2014,3848511,12165303000,2.563,,2.495,,0.068,0.000,,11.110
Mauritania,MRT,2015,3965959,12316128000,3.002,,2.924,,0.079,0.000,,11.108
Mauritania,MRT,2016,4086655,12416318727,2.624,,2.532,,0.092,0.000,,10.390
Mauritania,MRT,2017,4210603,13137043588,3.581,,3.506,,0.075,0.000,,15.744
Mauritania,MRT,2018,4337685,13699199188,4.444,,4.444,,0.000,0.000,,17.335
Mauritania,MRT,2019,4467714,14424796068,4.613,,4.613,,0.000,0.000,,18.027
Mauritania,MRT,2020,4600136,14289417678,4.782,,4.782,,0.000,0.000,,18.518
Mauritania,MRT,2021,4734874,14638845766,4.500,,4.500,,0.000,0.000,,17.576
Mauritania,MRT,2022,4875644,15674544913,5.267,,5.267,,0.000,0.000,,20.279
Mauritania,MRT,2023,5022442,,5.037,,5.037,,0.000,0.000,,19.144
Mauritania,MRT,2024,5169403,,5.239,,5.233,,0.005,0.000,,19.678
Mauritius,MUS,2000,1216632,16933370565,2.689,0.594,2.096,,0.000,0.000,,15.943
Mauritius,MUS,2001,1225807,17203931989,2.862,0.689,2.173,,0.000,0.000,,16.344
Mauritius,MUS,2002,1234090,17186721600,2.884,0.736,2.147,,0.000,0.000,,16.009
Mauritius,MUS,2003,1242094,17869390349,3.059,0.751,2.308,,0.000,0.000,,16.287
Mauritius,MUS,2004,1249799,18313509621,3.089,0.667,2.422,,0.000,0.000,,16.788
Mauritius,MUS,2005,1257215,18306765429,3.294,0.851,2.443,,0.000,0.000,,18.029
Mauritius,MUS,2006,1263785,18846649433,3.627,1.136,2.492,,0.000,0.000,,18.908
Mauritius,MUS,2007,1269522,19573401107,3.686,1.323,2.363,,0.000,0.000,,19.620
Mauritius,MUS,2008,1274635,20249055784,3.767,1.543,2.224,,0.000,0.000,,20.067
Mauritius,MUS,2009,1278976,20448211941,3.708,1.411,2.297,,0.000,0.000,,19.326
Mauritius,MUS,2010,1282710,20850923367,3.913,1.572,2.341,,0.000,0.000,,20.876
Mauritius,MUS,2011,1286270,21190874379,3.917,1.506,2.411,,0.000,0.000,,21.487
Mauritius,MUS,2012,1289174,21931705213,3.964,1.587,2.378,,0.000,0.000,,21.634
Mauritius,MUS,2013,1290988,22668609990,4.067,1.671,2.396,,0.000,0.000,,21.896
Mauritius,MUS,2014,1292006,23536142578,4.206,1.735,2.471,,0.000,0.000,,22.541
Mauritius,MUS,2015,1292283,24404852680,4.210,1.685,2.524,,0.000,0.000,,23.337
Mauritius,MUS,2016,1291807,25347373765,4.342,1.715,2.627,,0.000,0.000,,24.280
Mauritius,MUS,2017,1290654,26345551590,4.540,1.788,2.752,,0.000,0.000,,26.671
Mauritius,MUS,2018,1288836,27401224769,4.455,1.696,2.759,,0.000,0.000,,25.131
Mauritius,MUS,2019,1286269,28193387492,4.525,1.561,2.964,,0.000,0.000,,25.921
Mauritius,MUS,2020,1283231,24077716198,3.800,1.552,2.248,,0.000,0.000,,21.876
Mauritius,MUS,2021,1279628,24920195118,3.968,1.731,2.237,,0.000,0.000,,21.587
Mauritius,MUS,2022,1276134,26988574640,4.317,1.362,2.955,,0.000,0.000,,21.504
Mauritius,MUS,2023,1273591,,4.588,1.575,3.013,,0.000,0.000,,22.576
Mauritius,MUS,2024,1271171,,4.674,1.608,3.066,,0.000,0.000,,23.958
Morocco,MAR,2000,28423439,136639290851,33.199,10.028,19.756,0.088,0.000,3.326,,117.463
Morocco,MAR,2001,28814646,146692867628,36.809,12.774,19.872,0.084,0.000,4.079,,126.905
Morocco,MAR,2002,29198146,151385794465,37.310,13.106,19.987,0.084,0.000,4.132,,130.092
Morocco,MAR,2003,29571415,160559931983,36.570,12.234,20.071,0.081,0.000,4.184,,130.450
Morocco,MAR,2004,29953021,168466885680,42.226,13.689,24.043,0.099,0.000,4.395,,148.563
Morocco,MAR,2005,30358145,174390745088,44.661,14.084,25.344,0.868,0.000,4.364,,161.334
Morocco,MAR,2006,30771179,188101125607,46.249,14.699,25.983,1.095,0.000,4.472,,164.665
Morocco,MAR,2007,31186468,195286744421,48.913,15.078,27.588,1.242,0.000,5.004,,163.228
Morocco,MAR,2008,31606769,207385199268,51.372,14.122,30.681,1.114,0.000,5.455,,180.131
Morocco,MAR,2009,32030779,216763299753,50.860,13.168,30.884,1.209,0.000,5.598,,175.790
Morocco,MAR,2010,32467009,225643836837,54.365,13.223,34.478,1.304,0.000,5.359,,194.956
Morocco,MAR,2011,32912585,238103276789,54.868,11.465,36.574,1.638,0.000,5.191,,204.747
Morocco,MAR,2012,33355246,245270189355,56.954,11.462,37.258,2.396,0.000,5.838,,208.422
Morocco,MAR,2013,33787573,256393198875,56.606,11.212,36.973,2.349,0.000,6.073,,213.979
Morocco,MAR,2014,34204784,263251716082,57.175,15.300,34.458,2.246,0.000,5.171,,217.025
Morocco,MAR,2015,34607590,274689990243,58.499,16.847,34.079,2.323,0.000,5.250,,220.859
Morocco,MAR,2016,35023459,276121131010,58.457,16.235,34.654,2.363,0.000,5.205,,223.324
Morocco,MAR,2017,35446395,290087315215,61.104,16.875,36.828,2.345,0.000,5.055,,233.801
Morocco,MAR,2018,35839760,298981397583,62.315,19.519,35.792,2.114,0.000,4.889,,241.814
Morocco,MAR,2019,36210907,307624970074,68.743,25.263,36.479,2.004,0.000,4.997,,263.841
Morocco,MAR,2020,36584208,285515953096,64.542,25.355,33.152,1.557,0.000,4.478,,242.404
Morocco,MAR,2021,36954443,308157391278,70.275,26.592,36.986,1.557,0.000,5.140,,268.880
Morocco,MAR,2022,37329068,311654947615,69.779,26.936,37.812,0.438,0.000,4.593,,266.764
Morocco,MAR,2023,37712516,,68.961,25.266,37.534,1.781,0.000,4.380,,271.146
Morocco,MAR,2024,38081176,,69.062,22.983,39.902,1.798,0.000,4.380,,276.349
Mozambique,MOZ,2000,18129652,20141918616,1.322,0.000,1.213,0.000,0.000,0.109,,10.224
Mozambique,MOZ,2001,18537735,20943673338,1.554,0.000,1.444,0.004,0.000,0.107,,13.693
Mozambique,MOZ,2002,18958338,21025370393,1.537,0.000,1.337,0.004,0.000,0.197,,13.028
Mozambique,MOZ,2003,19392477,20673806269,1.856,0.000,1.612,0.004,0.000,0.240,,17.187
Mozambique,MOZ,2004,19840312,20561725686,1.864,0.000,1.638,0.007,0.000,0.219,,17.855
Mozambique,MOZ,2005,20304577,20658231192,1.770,0.000,1.436,0.139,0.000,0.194,,18.773
Mozambique,MOZ,2006,20787088,20951970966,1.916,0.000,1.517,0.161,0.000,0.238,,20.317
Mozambique,MOZ,2007,21287638,20803537606,2.189,0.026,1.836,0.070,0.000,0.257,,23.302
Mozambique,MOZ,2008,21819037,20553356220,2.180,0.026,1.751,0.117,0.000,0.286,,22.102
Mozambique,MOZ,2009,22391751,20249940482,2.439,0.026,1.964,0.150,0.000,0.299,,23.234
Mozambique,MOZ,2010,22999234,20039610112,2.638,0.026,2.117,0.154,0.000,0.341,,23.722
Mozambique,MOZ,2011,23649045,19919625683,3.107,0.125,2.426,0.183,0.000,0.373,,30.450
Mozambique,MOZ,2012,24337849,21365393250,3.052,0.040,2.313,0.172,0.074,0.453,,38.986
Mozambique,MOZ,2013,25051613,22853277292,3.579,0.037,2.675,0.355,0.006,0.506,,44.294
Mozambique,MOZ,2014,25788473,24544192952,8.118,0.821,5.364,1.326,0.021,0.586,,49.134
Mozambique,MOZ,2015,26547576,26194296097,6.731,0.433,3.934,1.741,0.009,0.614,,52.854
Mozambique,MOZ,2016,27337107,27195969056,8.548,0.051,6.009,1.535,0.004,0.948,,58.414
Mozambique,MOZ,2017,28166397,28213368238,6.905,0.026,4.335,1.612,0.022,0.911,,61.810
Mozambique,MOZ,2018,29018647,29185036688,7.010,0.062,4.388,1.617,0.013,0.930,,47.170
Mozambique,MOZ,2019,29884378,29860675429,7.097,0.044,4.276,1.729,0.002,1.046,,49.310
Mozambique,MOZ,2020,30783685,29502646219,6.340,0.077,3.556,1.661,0.000,1.046,,45.507
Mozambique,MOZ,2021,31707798,30189464161,7.722,0.026,4.847,1.803,0.000,1.046,,52.496
Mozambique,MOZ,2022,32656242,31441725629,9.296,0.033,5.206,2.145,0.826,1.085,,56.217
Mozambique,MOZ,2023,33635163,,9.093,0.038,5.308,2.210,0.452,1.085,,56.659
Mozambique,MOZ,2024,34631767,,8.613,0.039,5.402,1.941,0.146,1.085,,61.015
Namibia,NAM,2000,1818650,11306497296,1.718,0.037,1.682,,0.000,0.000,,10.106
Namibia,NAM,2001,1857059,11455708939,2.231,0.103,2.129,,0.000,0.000,,11.982
Namibia,NAM,2002,1889976,12021866961,1.971,0.077,1.894,,0.000,0.000,,10.869
Namibia,NAM,2003,1917469,12213390181,2.092,0.103,1.990,,0.000,0.000,,11.524
Namibia,NAM,2004,1942087,13656396271,2.239,0.117,2.121,,0.000,0.000,,12.226
Namibia,NAM,2005,1966581,14023333339,2.532,0.092,2.440,,0.000,0.000,,13.201
Namibia,NAM,2006,1991890,15035738461,2.524,0.216,2.308,,0.000,0.000,,13.188
Namibia,NAM,2007,2018607,15866803390,2.327,0.095,2.231,,0.000,0.000,,13.794
Namibia,NAM,2008,2047059,16311345821,2.858,0.275,2.583,,0.000,0.000,,14.811
Namibia,NAM,2009,2077400,16383138236,2.660,0.187,2.473,,0.000,0.000,,15.364
Namibia,NAM,2010,2109815,17398594185,2.788,0.191,2.598,,0.000,0.000,,16.248
Namibia,NAM,2011,2146331,18309342330,2.786,0.132,2.506,,0.000,0.148,,16.789
Namibia,NAM,2012,2194656,19236166518,3.194,0.158,2.814,,0.000,0.223,,17.287
Namibia,NAM,2013,2252505,20316276333,3.004,0.132,2.601,,0.000,0.270,,18.234
Namibia,NAM,2014,2312143,21554146363,3.099,0.062,2.734,,0.000,0.303,,19.172
Namibia,NAM,2015,2374305,22473214767,3.394,0.084,2.979,,0.000,0.330,,20.230
Namibia,NAM,2016,2439219,22480856444,3.582,0.132,3.188,,0.000,0.263,,20.519
Namibia,NAM,2017,2506854,22249978012,3.590,0.154,3.030,,0.000,0.406,,20.711
Namibia,NAM,2018,2577327,22485828408,3.635,0.099,3.053,,0.000,0.484,,20.866
Namibia,NAM,2019,2650499,22297166631,3.730,0.132,3.078,,0.000,0.520,,20.359
Namibia,NAM,2020,2728760,20505368156,3.440,0.146,2.826,,0.000,0.469,,19.077
Namibia,NAM,2021,2810552,21049990407,3.608,0.125,2.979,,0.000,0.504,,19.108
Namibia,NAM,2022,2889668,21858730428,3.414,0.029,2.917,,0.000,0.468,,17.980
Namibia,NAM,2023,2963102,,3.443,0.028,2.947,,0.000,0.468,,18.654
Namibia,NAM,2024,3030127,,3.469,0.029,2.972,,0.000,0.468,,18.962
Niger,NER,2000,11509634,7478107136,0.683,0.230,0.445,,0.000,0.009,,3.317
Niger,NER,2001,11920648,8079568499,0.646,0.237,0.397,,0.000,0.012,,3.249
Niger,NER,2002,12349150,8506710068,0.685,0.265,0.409,,0.000,0.011,,3.455
Niger,NER,2003,12796979,9108500707,0.744,0.273,0.459,,0.000,0.011,,3.799
Niger,NER,2004,13265843,9044074242,0.795,0.350,0.442,,0.000,0.004,,4.168
Niger,NER,2005,13756192,9809322645,0.691,0.255,0.430,,0.000,0.006,,3.930
Niger,NER,2006,14268583,10382568329,0.671,0.265,0.398,,0.000,0.008,,3.911
Niger,NER,2007,14803604,10716181753,0.706,0.232,0.464,,0.000,0.010,,4.255
Niger,NER,2008,15361921,11762875984,0.792,0.269,0.512,,0.000,0.012,,4.730
Niger,NER,2009,15943673,11700248745,0.952,0.278,0.667,,0.000,0.007,,5.568
Niger,NER,2010,16548833,12694118605,1.160,0.330,0.828,,0.000,0.002,,6.891
Niger,NER,2011,17176286,12994344552,1.313,0.370,0.923,,0.000,0.020,,6.914
Niger,NER,2012,17836770,14364207370,1.852,0.385,1.348,,0.099,0.019,,9.174
Niger,NER,2013,18519899,15127089342,2.078,0.341,1.539,,0.180,0.019,,10.324
Niger,NER,2014,19215917,16132130068,2.256,0.388,1.678,,0.171,0.019,,9.797
Niger,NER,2015,19939496,16840818422,2.199,0.326,1.756,,0.099,0.019,,10.346
Niger,NER,2016,20685758,17807651308,2.142,0.356,1.681,,0.086,0.018,,9.659
Niger,NER,2017,21435449,18698209711,2.243,0.337,1.814,,0.074,0.018,,9.390
Niger,NER,2018,22188074,20008393727,1.803,0.326,1.385,,0.061,0.031,,8.472
Niger,NER,2019,22947765,21237507069,2.513,0.326,2.026,0.073,0.056,0.032,,12.289
Niger,NER,2020,23717615,21991440513,3.040,0.356,2.505,0.077,0.070,0.032,,12.398
Niger,NER,2021,24502145,22299096291,2.588,0.154,2.188,0.117,0.093,0.036,,11.251
Niger,NER,2022,25311978,24776754234,3.201,0.315,2.680,0.099,0.071,0.036,,13.527
Niger,NER,2023,26159863,,3.133,0.366,2.563,0.098,0.071,0.036,,14.793
Niger,NER,2024,27032417,,3.170,0.300,2.663,0.106,0.065,0.036,,13.817
Nigeria,NGA,2000,126382490,268133056679,96.831,0.158,31.540,13.179,51.110,0.845,,215.365
Nigeria,NGA,2001,129862594,293371700731,100.218,0.154,37.204,11.608,50.407,0.846,,244.256
Nigeria,NGA,2002,133471995,344836483316,89.906,0.136,37.573,11.889,39.501,0.808,,250.952
Nigeria,NGA,2003,137202646,387284228400,100.030,0.150,34.203,20.097,44.806,0.773,,267.130
Nigeria,NGA,2004,141057045,438814816180,94.962,0.150,30.847,20.507,42.545,0.912,,276.614
Nigeria,NGA,2005,145017256,481797619872,101.666,0.172,39.793,20.631,39.958,1.112,,304.852
Nigeria,NGA,2006,149077335,527631752471,90.097,0.213,31.979,21.618,35.036,1.252,,274.024
Nigeria,NGA,2007,153267254,581001445796,82.170,0.300,27.260,22.233,30.565,1.811,,251.889
Nigeria,NGA,2008,157595014,638908028616,86.489,0.641,33.499,20.653,29.189,2.507,,310.307
Nigeria,NGA,2009,162049466,709931188516,77.031,0.641,27.253,18.053,27.981,3.104,,196.343
Nigeria,NGA,2010,166642888,809999411809,112.050,0.641,58.741,20.196,28.531,3.941,,240.845
Nigeria,NGA,2011,171379602,871103799000,126.115,0.678,69.442,28.003,23.310,4.682,,346.692
Nigeria,NGA,2012,176200627,908380661120,110.125,0.901,55.858,28.872,18.090,6.403,,350.170
Nigeria,NGA,2013,181049440,957382666012,117.401,1.129,62.251,28.630,17.561,7.830,,453.333
Nigeria,NGA,2014,185896917,1017790765613,123.971,1.129,66.604,32.676,15.827,7.736,,494.192
Nigeria,NGA,2015,190671883,1044789628210,110.525,1.183,54.110,32.448,14.397,8.386,,468.837
Nigeria,NGA,2016,195443698,1027896680223,116.396,1.238,60.540,34.434,13.297,6.886,,473.302
Nigeria,NGA,2017,200254580,1036180414988,112.540,1.070,58.476,32.416,14.375,6.203,,457.563
Nigeria,NGA,2018,204938752,1056103594567,106.786,1.253,48.436,34.340,14.173,8.583,,488.559
Nigeria,NGA,2019,209485637,1079426893318,127.859,1.268,68.002,35.106,14.588,8.895,,512.453
Nigeria,NGA,2020,213996185,1060059201469,124.899,1.499,64.360,35.293,13.526,10.222,,482.795
Nigeria,NGA,2021,218529286,1098721596994,147.777,3.049,82.841,38.114,12.458,11.314,,521.987
Nigeria,NGA,2022,223150906,1134448580250,131.441,3.199,69.383,37.936,9.999,10.924,,527.352
Nigeria,NGA,2023,227882949,,129.376,3.720,66.347,37.507,10.879,10.924,,500.108
Nigeria,NGA,2024,232679482,,135.824,3.049,68.935,40.734,12.182,10.924,,514.906
Rwanda,RWA,2000,8213936,8053572290,0.515,,0.484,0.004,0.000,0.028,,2.677
Rwanda,RWA,2001,8287091,8517814124,0.519,,0.484,0.000,0.000,0.035,,2.677
Rwanda,RWA,2002,8400185,9398566544,0.512,,0.473,0.000,0.000,0.039,,2.727
Rwanda,RWA,2003,8586878,9366054447,0.505,,0.465,0.000,0.000,0.040,,2.678
Rwanda,RWA,2004,8816849,9814510529,0.516,,0.476,0.000,0.000,0.039,,2.639
Rwanda,RWA,2005,9054532,10465323107,0.514,,0.476,0.000,0.000,0.038,,2.622
Rwanda,RWA,2006,9299251,11146496514,0.514,,0.476,0.000,0.000,0.038,,2.649
Rwanda,RWA,2007,9549940,11698650639,0.542,,0.505,0.000,0.000,0.037,,2.690
Rwanda,RWA,2008,9804268,12678494332,0.531,,0.495,0.000,0.000,0.037,,2.793
Rwanda,RWA,2009,10060438,13135703239,0.555,,0.524,0.000,0.000,0.031,,2.864
Rwanda,RWA,2010,10317560,13742192522,0.581,,0.550,0.000,0.000,0.031,,3.147
Rwanda,RWA,2011,10573742,14451195383,0.643,,0.608,0.004,0.000,0.031,,3.501
Rwanda,RWA,2012,10829904,15700063621,0.718,,0.685,0.004,0.000,0.030,,3.888
Rwanda,RWA,2013,11093340,16440168692,0.779,,0.744,0.004,0.000,0.031,,4.071
Rwanda,RWA,2014,11364758,17455015690,0.830,,0.784,0.007,0.000,0.039,,4.210
Rwanda,RWA,2015,11640026,19000488690,0.967,0.004,0.850,0.048,0.000,0.065,,4.548
Rwanda,RWA,2016,11919183,20135193148,1.052,0.018,0.843,0.084,0.000,0.107,,4.622
Rwanda,RWA,2017,12202062,20935170126,1.170,0.022,0.934,0.084,0.000,0.129,,4.929
Rwanda,RWA,2018,12488000,22730987759,1.313,0.044,1.041,0.095,0.000,0.133,,4.892
Rwanda,RWA,2019,12776102,24883378782,1.413,0.059,1.114,0.092,0.000,0.149,,5.498
Rwanda,RWA,2020,13065838,24048043469,1.394,0.037,1.107,0.088,0.000,0.163,,5.751
Rwanda,RWA,2021,13355260,26663035281,1.699,0.059,1.326,0.092,0.000,0.222,,6.519
Rwanda,RWA,2022,13651025,28466253314,1.957,0.187,1.367,0.091,0.000,0.312,,6.800
Rwanda,RWA,2023,13954473,,2.016,0.216,1.394,0.094,0.000,0.312,,7.863
Rwanda,RWA,2024,14256573,,2.034,0.220,1.419,0.083,0.000,0.312,,7.863
Sao Tome and Principe,STP,2000,144029,312853560,0.051,,0.051,,0.000,0.000,,0.272
Sao Tome and Principe,STP,2001,146386,323367292,0.051,,0.051,,0.000,0.000,,0.265
Sao Tome and Principe,STP,2002,149932,330763135,0.055,,0.055,,0.000,0.000,,0.297
Sao Tome and Principe,STP,2003,153824,356840538,0.062,,0.062,,0.000,0.000,,0.330
Sao Tome and Principe,STP,2004,157721,370949154,0.073,,0.073,,0.000,0.000,,0.378
Sao Tome and Principe,STP,2005,161650,400193555,0.077,,0.077,,0.000,0.000,,0.404
Sao Tome and Principe,STP,2006,165651,436915676,0.081,,0.081,,0.000,0.000,,0.422
Sao Tome and Principe,STP,2007,169709,454094461,0.081,,0.081,,0.000,0.000,,0.436
Sao Tome and Principe,STP,2008,173808,491548804,0.084,,0.084,,0.000,0.000,,0.476
Sao Tome and Principe,STP,2009,177866,507380515,0.092,,0.092,,0.000,0.000,,0.509
Sao Tome and Principe,STP,2010,181810,544428757,0.106,,0.106,,0.000,0.000,,0.554
Sao Tome and Principe,STP,2011,185665,572220000,0.099,,0.099,,0.000,0.000,,0.571
Sao Tome and Principe,STP,2012,189452,588711000,0.110,,0.110,,0.000,0.000,,0.605
Sao Tome and Principe,STP,2013,193158,619718000,0.110,,0.110,,0.000,0.000,,0.605
Sao Tome and Principe,STP,2014,196780,660060000,0.128,,0.128,,0.000,0.000,,0.607
Sao Tome and Principe,STP,2015,200308,687730000,0.136,,0.136,,0.000,0.000,,0.629
Sao Tome and Principe,STP,2016,203702,718608950,0.147,,0.147,,0.000,0.000,,0.652
Sao Tome and Principe,STP,2017,206986,745271993,0.139,,0.139,,0.000,0.000,,0.662
Sao Tome and Principe,STP,2018,210198,768095622,0.139,,0.139,,0.000,0.000,,0.631
Sao Tome and Principe,STP,2019,213405,784993764,0.147,,0.147,,0.000,0.000,,0.663
Sao Tome and Principe,STP,2020,217450,809328569,0.143,,0.143,,0.000,0.000,,0.636
Sao Tome and Principe,STP,2021,221975,824700110,0.143,,0.143,,0.000,0.000,,0.659
Sao Tome and Principe,STP,2022,226313,825238400,0.136,,0.136,,0.000,0.000,,0.582
Sao Tome and Principe,STP,2023,230882,,0.140,,0.140,,0.000,0.000,,0.665
Sao Tome and Principe,STP,2024,235548,,0.142,,0.142,,0.000,0.000,,0.742
Senegal,SEN,2000,9968262,20439620643,3.902,,3.360,0.000,0.000,0.542,,19.903
Senegal,SEN,2001,10212941,21256566387,4.258,,3.638,0.000,0.000,0.620,,21.691
Senegal,SEN,2002,10466216,21289209696,4.437,0.271,3.495,0.007,0.000,0.663,,22.128
Senegal,SEN,2003,10721176,22622569107,4.928,0.282,3.947,0.022,0.000,0.677,,22.038
Senegal,SEN,2004,10975711,23858338191,5.238,0.370,3.891,0.026,0.000,0.951,,23.443
Senegal,SEN,2005,11235473,25111741099,5.539,0.370,4.104,0.026,0.000,1.040,,24.396
Senegal,SEN,2006,11500094,25681645040,4.430,0.447,2.829,0.022,0.000,1.132,,24.018
Senegal,SEN,2007,11770348,26900866878,5.196,0.707,3.246,0.022,0.000,1.221,,26.040
Senegal,SEN,2008,12048963,27862112568,4.740,0.597,2.935,0.022,0.000,1.186,,26.609
Senegal,SEN,2009,12337390,28495333178,5.258,0.740,3.206,0.033,0.000,1.279,,25.441
Senegal,SEN,2010,12635418,29674469620,6.862,0.674,4.573,0.048,0.000,1.568,,26.389
Senegal,SEN,2011,12958902,30201416523,7.819,0.942,5.051,0.037,0.000,1.789,,27.694
Senegal,SEN,2012,13310499,31410375400,7.362,0.817,4.697,0.055,0.000,1.793,,27.110
Senegal,SEN,2013,13710857,32167998974,7.853,0.814,4.934,0.084,0.000,2.021,,28.245
Senegal,SEN,2014,14152103,34170131826,8.724,1.099,5.654,0.073,0.000,1.898,,31.419
Senegal,SEN,2015,14593335,36345743124,9.845,1.150,6.859,0.048,0.000,1.788,,36.498
Senegal,SEN,2016,15034517,38655882471,10.013,1.205,6.769,0.044,0.000,1.995,,35.216
Senegal,SEN,2017,15475001,41519118886,10.757,1.439,7.256,0.037,0.011,2.014,,37.261
Senegal,SEN,2018,15914495,44097044770,11.330,2.261,6.951,0.022,0.000,2.097,,39.673
Senegal,SEN,2019,16352926,46131678369,12.711,2.089,7.971,0.026,0.000,2.625,,41.800
Senegal,SEN,2020,16789217,46743389453,10.820,1.349,6.718,0.026,0.000,2.727,,38.546
Senegal,SEN,2021,17220866,49579310412,12.319,1.971,7.427,0.015,0.000,2.906,,44.549
Senegal,SEN,2022,17651099,51913993763,14.133,2.089,8.933,0.011,0.000,3.100,,46.800
Senegal,SEN,2023,18077573,,14.082,2.429,8.542,0.011,0.000,3.100,,49.635
Senegal,SEN,2024,18501988,,14.092,1.991,8.875,0.012,0.114,3.100,,49.956
Seychelles,SYC,2000,83339,1136006730,0.319,,0.319,,0.000,0.000,,3.761
Seychelles,SYC,2001,84621,1137693046,0.341,,0.341,,0.000,0.000,,4.046
Seychelles,SYC,2002,85878,1181094301,0.348,,0.348,,0.000,0.000,,3.523
Seychelles,SYC,2003,87056,1134551439,0.341,,0.341,,0.000,0.000,,3.514
Seychelles,SYC,2004,88175,1140079489,0.377,,0.377,,0.000,0.000,,4.905
Seychelles,SYC,2005,89288,1274495332,0.381,,0.381,,0.000,0.000,,4.468
Seychelles,SYC,2006,90391,1430092128,0.385,,0.385,,0.000,0.000,,4.747
Seychelles,SYC,2007,91483,1619623050,0.403,,0.403,,0.000,0.000,,3.902
Seychelles,SYC,2008,92563,1625802984,0.414,,0.414,,0.000,0.000,,4.254
Seychelles,SYC,2009,93644,1630727660,0.443,,0.443,,0.000,0.000,,4.637
Seychelles,SYC,2010,94993,1772951640,0.440,,0.440,,0.000,0.000,,4.193
Seychelles,SYC,2011,97041,1917505000,0.403,,0.403,,0.000,0.000,,3.601
Seychelles,SYC,2012,99565,1991700000,0.418,,0.418,,0.000,0.000,,4.143
Seychelles,SYC,2013,102108,2096276000,0.414,,0.414,,0.000,0.000,,3.730
Seychelles,SYC,2014,104663,2231000000,0.458,,0.458,,0.000,0.000,,4.362
Seychelles,SYC,2015,107247,2363480000,0.498,,0.498,,0.000,0.000,,4.520
Seychelles,SYC,2016,109836,2658740126,0.553,,0.553,,0.000,0.000,,5.035
Seychelles,SYC,2017,112443,2824383463,0.575,,0.575,,0.000,0.000,,5.250
Seychelles,SYC,2018,115053,2983293782,0.597,,0.597,,0.000,0.000,,4.232
Seychelles,SYC,2019,117662,3137071789,0.590,,0.590,,0.000,0.000,,3.837
Seychelles,SYC,2020,120299,2871729130,0.597,,0.597,,0.000,0.000,,3.595
Seychelles,SYC,2021,123000,2944095268,0.612,,0.612,,0.000,0.000,,3.406
Seychelles,SYC,2022,125533,3053368129,0.629,,0.629,,0.000,0.000,,3.606
Seychelles,SYC,2023,127961,,0.641,,0.641,,0.000,0.000,,3.969
Seychelles,SYC,2024,130436,,0.653,,0.653,,0.000,0.000,,4.122
Sierra Leone,SLE,2000,4423615,3156875905,0.271,,0.271,,0.000,0.000,,1.846
Sierra Leone,SLE,2001,4692715,3731874073,0.374,,0.374,,0.000,0.000,,2.324
Sierra Leone,SLE,2002,4971435,4723203819,0.502,0.015,0.487,,0.000,0.000,,2.337
Sierra Leone,SLE,2003,5177686,5165014591,0.539,0.000,0.539,,0.000,0.000,,2.402
Sierra Leone,SLE,2004,5355715,5509297894,0.520,0.000,0.520,,0.000,0.000,,2.397
Sierra Leone,SLE,2005,5501707,5761186841,0.432,,0.432,,0.000,0.000,,2.164
Sierra Leone,SLE,2006,5624464,6009264027,0.575,,0.575,,0.000,0.000,,2.653
Sierra Leone,SLE,2007,5749353,6495486321,0.487,,0.487,,0.000,0.000,,2.479
Sierra Leone,SLE,2008,5894728,6848797957,0.506,,0.506,,0.000,0.000,,2.439
Sierra Leone,SLE,2009,6055655,7073732794,0.502,,0.502,,0.000,0.000,,2.449
Sierra Leone,SLE,2010,6222715,7455363914,0.546,,0.546,,0.000,0.000,,2.721
Sierra Leone,SLE,2011,6387258,7933356000,0.714,,0.714,,0.000,0.000,,3.457
Sierra Leone,SLE,2012,6551078,9134190000,0.832,,0.832,,0.000,0.000,,3.938
Sierra Leone,SLE,2013,6714057,11029545000,1.052,,1.052,,0.000,0.000,,4.636
Sierra Leone,SLE,2014,6876385,11528208000,1.129,,1.129,,0.000,0.000,,5.081
Sierra Leone,SLE,2015,7037660,9188877000,1.084,,1.084,,0.000,0.000,,4.121
Sierra Leone,SLE,2016,7205339,9765347713,1.140,,1.140,,0.000,0.000,,4.219
Sierra Leone,SLE,2017,7379300,10128155156,1.096,,1.096,,0.000,0.000,,4.176
Sierra Leone,SLE,2018,7554568,10480967104,1.037,,1.037,,0.000,0.000,,4.587
Sierra Leone,SLE,2019,7731994,11031662186,1.118,,1.118,,0.000,0.000,,5.000
Sierra Leone,SLE,2020,7912557,10814455084,1.187,,1.187,,0.000,0.000,,5.248
Sierra Leone,SLE,2021,8094603,11258356071,1.484,,1.484,,0.000,0.000,,6.472
Sierra Leone,SLE,2022,8276809,11681270534,1.444,,1.444,,0.000,0.000,,6.348
Sierra Leone,SLE,2023,8460523,,1.380,,1.380,,0.000,0.000,,6.750
Sierra Leone,SLE,2024,8642029,,1.434,,1.434,,0.000,0.000,,6.966
Somalia,SOM,2000,8838714,,0.509,,0.509,,0.000,0.000,,2.966
Somalia,SOM,2001,9198495,,0.542,,0.542,,0.000,0.000,,3.015
Somalia,SOM,2002,9550069,,0.575,,0.575,,0.000,0.000,,3.260
Somalia,SOM,2003,9909161,,0.605,,0.605,,0.000,0.000,,3.260
Somalia,SOM,2004,10281001,,0.627,,0.627,,0.000,0.000,,3.262
Somalia,SOM,2005,10644234,,0.649,,0.649,,0.000,0.000,,3.294
Somalia,SOM,2006,10975502,,0.671,,0.671,,0.000,0.000,,3.319
Somalia,SOM,2007,11322581,,0.692,,0.692,,0.000,0.000,,3.366
Somalia,SOM,2008,11663090,,0.722,,0.722,,0.000,0.000,,3.331
Somalia,SOM,2009,11961205,,0.744,,0.744,,0.000,0.000,,3.322
Somalia,SOM,2010,12261761,,0.777,,0.777,,0.000,0.000,,3.405
Somalia,SOM,2011,12348829,,0.810,,0.810,,0.000,0.000,,3.405
Somalia,SOM,2012,12461163,,0.832,,0.832,,0.000,0.000,,3.409
Somalia,SOM,2013,12869599,,0.857,,0.857,,0.000,0.000,,3.409
Somalia,SOM,2014,13339497,,0.887,,0.887,,0.000,0.000,,3.409
Somalia,SOM,2015,13806969,,0.923,,0.923,,0.000,0.000,,3.536
Somalia,SOM,2016,14348741,,0.956,,0.956,,0.000,0.000,,3.607
Somalia,SOM,2017,14916630,,0.993,,0.993,,0.000,0.000,,3.598
Somalia,SOM,2018,15452489,,1.033,,1.033,,0.000,0.000,,5.049
Somalia,SOM,2019,16030969,,1.070,,1.070,,0.000,0.000,,5.229
Somalia,SOM,2020,16651200,,1.140,,1.140,,0.000,0.000,,5.680
Somalia,SOM,2021,17271435,,1.154,,1.154,,0.000,0.000,,5.816
Somalia,SOM,2022,17801895,,1.271,,1.271,,0.000,0.000,,6.403
Somalia,SOM,2023,18358622,,1.296,,1.296,,0.000,0.000,,6.624
Somalia,SOM,2024,19009155,,1.319,,1.319,,0.000,0.000,,6.793
South Africa,ZAF,2000,47159715,356072104365,378.333,337.909,33.302,3.199,0.251,3.672,,1185.383
South Africa,ZAF,2001,47566805,374889022813,371.602,337.671,25.886,4.155,0.254,3.636,,1191.536
South Africa,ZAF,2002,48019414,396137571619,356.501,325.506,22.449,4.122,0.218,4.205,,1161.125
South Africa,ZAF,2003,48500351,413710071358,404.406,357.442,39.743,2.470,0.293,4.458,,1257.958
South Africa,ZAF,2004,48991420,439265862379,449.322,384.101,54.238,6.364,0.283,4.335,,1372.773
South Africa,ZAF,2005,49490041,470188845104,416.205,376.721,27.832,6.313,0.271,5.068,,1299.322
South Africa,ZAF,2006,49998271,505574497707,446.744,381.990,53.080,6.126,0.215,5.333,,1326.061
South Africa,ZAF,2007,50528575,542976204451,465.034,392.159,59.334,7.892,0.158,5.491,,1362.193
South Africa,ZAF,2008,51114595,571660802378,494.673,418.275,62.764,8.119,0.171,5.343,,1459.697
South Africa,ZAF,2009,51728518,574768021657,474.512,390.664,71.070,7.038,0.169,5.571,,1453.214
South Africa,ZAF,2010,52344047,607601612432,467.353,406.924,46.324,8.867,0.193,5.045,,1463.989
South Africa,ZAF,2011,52995212,645388107070,474.273,400.454,60.247,8.801,0.133,4.638,,1446.214
South Africa,ZAF,2012,53782570,660853021773,461.438,398.009,49.468,9.255,0.073,4.633,,1424.104
South Africa,ZAF,2013,54678789,677278303675,456.188,392.345,49.515,9.384,0.051,4.893,,1430.569
South Africa,ZAF,2014,55594840,686853872664,481.638,413.196,54.539,8.940,0.052,4.911,,1448.045
South Africa,ZAF,2015,56723536,695933197143,457.473,387.494,54.688,9.827,0.045,5.419,,1415.416
South Africa,ZAF,2016,57259550,700558003750,457.050,384.489,59.012,7.815,0.042,5.691,,1480.061
South Africa,ZAF,2017,57635158,708670169977,440.010,369.903,57.257,7.339,0.030,5.481,,1475.142
South Africa,ZAF,2018,58613001,719458334697,453.766,384.222,54.275,9.746,0.057,5.466,,1409.859
South Africa,ZAF,2019,59587880,721641639539,470.727,405.224,50.167,9.842,0.042,5.453,,1471.708
South Africa,ZAF,2020,60562374,675871755463,435.298,374.003,46.606,9.563,0.055,5.071,,1399.597
South Africa,ZAF,2021,61502602,709077881289,439.464,366.528,59.910,7.104,0.052,5.869,,1405.650
South Africa,ZAF,2022,62378417,723559323969,428.782,357.020,59.159,6.931,0.038,5.634,,1346.169
South Africa,ZAF,2023,63212386,,436.604,363.604,59.618,7.703,0.044,5.634,,1367.989
South Africa,ZAF,2024,64007187,,439.831,371.358,55.087,7.746,0.005,5.634,,1362.492
South Sudan,SSD,2000,6032274,,0.445,0.000,0.445,0.000,0.000,0.000,,
South Sudan,SSD,2001,6308399,,0.511,0.000,0.511,0.000,0.000,0.000,,
South Sudan,SSD,2002,6596810,,0.652,0.000,0.652,0.000,0.000,0.000,,
South Sudan,SSD,2003,6903129,,0.728,0.000,0.728,0.000,0.000,0.000,,
South Sudan,SSD,2004,7233040,,0.920,0.000,0.920,0.000,0.000,0.000,,
South Sudan,SSD,2005,7590147,,0.882,0.000,0.882,0.000,0.000,0.000,,
South Sudan,SSD,2006,7976532,,0.965,0.000,0.965,0.000,0.000,0.000,,
South Sudan,SSD,2007,8388785,,1.134,0.000,1.134,0.000,0.000,0.000,,
South Sudan,SSD,2008,8817645,,1.198,0.000,1.198,0.000,0.000,0.000,,
South Sudan,SSD,2009,9243560,,1.248,0.000,1.248,0.000,0.000,0.000,,
South Sudan,SSD,2010,9745955,,1.270,0.000,1.270,0.000,0.000,0.000,,
South Sudan,SSD,2011,10288112,,1.239,0.000,1.239,0.000,0.000,0.000,,
South Sudan,SSD,2012,10756245,,1.330,,1.330,,0.000,0.000,,5.963
South Sudan,SSD,2013,11166280,,1.444,,1.444,,0.000,0.000,,6.308
South Sudan,SSD,2014,11235071,,1.499,,1.499,,0.000,0.000,,6.526
South Sudan,SSD,2015,11107569,,1.913,,1.913,,0.000,0.000,,7.999
South Sudan,SSD,2016,10830108,,1.704,,1.704,,0.000,0.000,,7.725
South Sudan,SSD,2017,10259150,,1.455,,1.455,,0.000,0.000,,6.768
South Sudan,SSD,2018,10122983,,1.737,,1.737,,0.000,0.000,,7.864
South Sudan,SSD,2019,10423382,,1.770,,1.770,,0.000,0.000,,7.419
South Sudan,SSD,2020,10698471,,1.707,,1.707,,0.000,0.000,,6.718
South Sudan,SSD,2021,10865786,,1.740,,1.740,,0.000,0.000,,7.261
South Sudan,SSD,2022,11021175,,1.634,,1.634,,0.000,0.000,,6.812
South Sudan,SSD,2023,11483370,,1.666,,1.666,,0.000,0.000,,7.121
South Sudan,SSD,2024,11943410,,1.696,,1.696,,0.000,0.000,,7.300
Sudan,SDN,2000,27816748,,5.292,0.000,5.011,0.000,0.221,0.060,,28.770
Sudan,SDN,2001,28516774,,6.018,0.000,5.757,0.000,0.183,0.078,,30.867
Sudan,SDN,2002,29228728,,7.634,0.000,7.357,0.000,0.193,0.083,,37.033
Sudan,SDN,2003,29896038,,8.515,0.000,8.200,0.000,0.206,0.110,,38.755
Sudan,SDN,2004,30556641,,10.866,0.000,10.378,0.000,0.363,0.124,,42.860
Sudan,SDN,2005,31262447,,10.558,0.000,9.926,0.000,0.500,0.132,,49.808
Sudan,SDN,2006,31992438,,11.545,0.000,10.938,0.000,0.528,0.079,,59.671
Sudan,SDN,2007,32764139,,13.564,0.000,12.817,0.000,0.620,0.127,,63.359
Sudan,SDN,2008,33623980,,14.179,0.000,13.578,0.000,0.504,0.097,,69.290
Sudan,SDN,2009,34569114,,14.805,0.000,13.989,0.000,0.573,0.243,,71.644
Sudan,SDN,2010,35414403,,15.070,0.000,13.695,0.000,0.628,0.747,,76.454
Sudan,SDN,2011,36140808,,14.711,0.000,12.911,0.000,0.652,1.149,,72.928
Sudan,SDN,2012,36923175,,15.763,,13.747,,0.675,1.341,,70.126
Sudan,SDN,2013,37785852,,17.374,,15.165,,0.832,1.377,,71.349
Sudan,SDN,2014,38823324,,13.095,,10.856,,0.891,1.348,,72.676
Sudan,SDN,2015,40024433,,14.247,,11.787,,1.023,1.436,,76.666
Sudan,SDN,2016,41259892,,19.737,,17.455,,0.726,1.556,,92.586
Sudan,SDN,2017,42714311,,20.306,,18.031,,0.720,1.556,,93.203
Sudan,SDN,2018,44230597,,20.516,,18.276,,0.684,1.556,,95.546
Sudan,SDN,2019,45548179,,22.007,,19.928,,0.523,1.556,,96.403
Sudan,SDN,2020,46789237,,19.800,,19.346,,0.454,,,80.284
Sudan,SDN,2021,48066930,,19.208,,18.752,,0.456,,,81.889
Sudan,SDN,2022,49383344,,17.529,,17.129,,0.399,,,91.558
Sudan,SDN,2023,50042800,,17.716,,17.466,,0.249,,,67.414
Sudan,SDN,2024,50448960,,17.795,,17.773,,0.022,,,64.654
Tanzania,TZA,2000,34260142,39001698887,2.572,0.209,2.026,0.000,0.000,0.337,,13.382
Tanzania,TZA,2001,35198303,42445346863,3.041,0.205,2.473,0.000,0.000,0.362,,15.075
Tanzania,TZA,2002,36121301,46583070535,3.486,0.209,2.865,0.000,0.000,0.412,,16.945
Tanzania,TZA,2003,37089555,50824600990,3.687,0.147,3.067,0.000,0.000,0.474,,17.549
Tanzania,TZA,2004,38109666,55891196644,4.221,0.172,3.294,0.245,0.000,0.510,,22.538
Tanzania,TZA,2005,39182083,61018758994,5.356,0.081,4.056,0.678,0.000,0.541,,25.589
Tanzania,TZA,2006,40294900,65508013137,5.876,0.048,4.346,0.945,0.000,0.538,,27.026
Tanzania,TZA,2007,41435508,72909539423,5.706,0.073,3.984,1.018,0.000,0.631,,27.507
Tanzania,TZA,2008,42570728,78993514738,5.989,0.278,3.984,1.051,0.000,0.675,,28.738
Tanzania,TZA,2009,43633975,85446168824,5.807,0.216,3.602,1.242,0.000,0.747,,28.352
Tanzania,TZA,2010,44758491,93371216148,7.194,0.264,4.567,1.472,0.000,0.892,,33.217
Tanzania,TZA,2011,46029371,103624510902,8.440,0.461,5.431,1.626,0.000,0.921,,35.138
Tanzania,TZA,2012,47374261,108951852558,10.367,0.268,7.252,1.859,0.002,0.987,,43.470
Tanzania,TZA,2013,48824134,116340969671,11.251,0.168,8.296,1.868,0.006,0.913,,45.602
Tanzania,TZA,2014,50351506,124173043529,10.997,0.663,7.445,1.799,0.002,1.088,,46.294
Tanzania,TZA,2015,52020958,131823350494,12.783,0.916,8.678,1.974,0.000,1.215,,48.828
Tanzania,TZA,2016,53824012,140875654933,13.529,0.894,8.493,2.565,0.000,1.577,,53.570
Tanzania,TZA,2017,55652888,150417154803,13.513,1.198,7.977,2.711,0.000,1.627,,48.224
Tanzania,TZA,2018,57437134,160884699826,14.233,1.172,8.189,3.144,0.000,1.728,,56.368
Tanzania,TZA,2019,59174889,172128919031,16.191,1.385,8.893,3.389,0.000,2.524,,60.157
Tanzania,TZA,2020,60972803,180418650860,15.952,1.231,9.169,3.034,0.000,2.517,,57.303
Tanzania,TZA,2021,62830410,189343959556,17.678,1.469,10.230,3.448,0.000,2.531,,66.316
Tanzania,TZA,2022,64711822,198220407805,19.702,1.711,10.847,4.200,0.000,2.944,,75.404
Tanzania,TZA,2023,66617607,,20.310,1.978,11.060,4.327,0.000,2.944,,77.902
Tanzania,TZA,2024,68560162,,20.018,2.020,11.255,3.800,0.000,2.944,,79.186
Togo,TGO,2000,4783721,5742626906,1.331,,1.011,,0.000,0.320,,4.498
Togo,TGO,2001,4904135,5728350754,1.159,,0.762,,0.000,0.397,,4.013
Togo,TGO,2002,5027128,5709447507,1.322,,0.832,,0.000,0.491,,4.391
Togo,TGO,2003,5154113,6045966479,1.805,,1.063,,0.000,0.742,,5.445
Togo,TGO,2004,5281320,6257433355,1.744,,0.997,,0.000,0.747,,5.406
Togo,TGO,2005,5413151,6399681696,1.722,,0.938,,0.000,0.784,,5.273
Togo,TGO,2006,5569659,6714729819,1.501,,0.821,,0.000,0.680,,4.597
Togo,TGO,2007,5748437,6923652593,1.517,,0.912,,0.000,0.604,,5.577
Togo,TGO,2008,5936140,7155226201,1.523,,1.052,,0.000,0.471,,6.696
Togo,TGO,2009,6130944,7467517725,2.536,,1.990,,0.000,0.546,,11.937
Togo,TGO,2010,6325791,7846071439,2.596,,2.045,,0.000,0.551,,11.395
Togo,TGO,2011,6500577,8309244000,2.504,,1.865,0.015,0.000,0.624,,10.594
Togo,TGO,2012,6653719,8791743000,2.216,,1.576,0.033,0.000,0.607,,9.560
Togo,TGO,2013,6798851,9242968000,1.635,,1.129,0.033,0.000,0.474,,9.430
Togo,TGO,2014,6937647,9806234000,1.491,,1.055,0.000,0.000,0.435,,8.740
Togo,TGO,2015,7071500,10346240000,1.798,,0.936,0.048,0.000,0.814,,6.112
Togo,TGO,2016,7200883,10960546310,2.293,,1.466,0.007,0.000,0.820,,8.653
Togo,TGO,2017,7324379,11420230383,1.912,,1.075,0.073,0.000,0.764,,8.161
Togo,TGO,2018,7458205,11989462252,2.034,,1.359,0.055,0.000,0.620,,9.888
Togo,TGO,2019,7619916,12579682405,2.364,,1.319,0.125,0.000,0.920,,9.398
Togo,TGO,2020,7788058,12720130961,2.751,,1.748,0.139,0.000,0.864,,9.933
Togo,TGO,2021,7936185,13482266787,2.620,,1.414,0.286,0.000,0.920,,11.603
Togo,TGO,2022,8068616,14265660408,2.739,,1.460,0.330,0.000,0.948,,11.785
Togo,TGO,2023,8223853,,2.671,,1.397,0.327,0.000,0.948,,13.135
Togo,TGO,2024,8406554,,2.754,,1.451,0.355,0.000,0.948,,12.773
Tunisia,TUN,2000,9764940,71818861344,19.436,0.279,10.562,5.336,0.423,2.837,,88.907
Tunisia,TUN,2001,9869679,75444595962,20.261,0.256,10.849,5.914,0.417,2.825,,98.733
Tunisia,TUN,2002,9971521,76877531228,20.380,0.216,10.981,5.914,0.412,2.857,,97.688
Tunisia,TUN,2003,10071638,81240064067,21.042,0.062,11.267,6.243,0.399,3.070,,96.087
Tunisia,TUN,2004,10166170,86232298416,22.144,,11.659,6.515,0.417,3.554,,97.984
Tunisia,TUN,2005,10255474,89804282207,22.516,,11.831,6.709,0.480,3.496,,106.398
Tunisia,TUN,2006,10346408,95016289901,22.915,,11.836,6.895,0.576,3.608,,100.438
Tunisia,TUN,2007,10441705,101101822575,24.725,,12.225,8.051,0.585,3.864,,89.541
Tunisia,TUN,2008,10542637,105766317552,25.453,,11.970,8.764,0.798,3.921,,103.632
Tunisia,TUN,2009,10650682,109299724050,25.353,,11.554,9.121,0.761,3.917,,86.219
Tunisia,TUN,2010,10765984,112484995734,27.900,0.055,11.498,11.637,0.657,4.053,,88.449
Tunisia,TUN,2011,10886041,110760053250,26.429,0.040,10.768,11.267,0.940,3.414,,84.412
Tunisia,TUN,2012,11009649,115430801370,28.194,0.000,10.823,12.157,1.222,3.992,,92.537
Tunisia,TUN,2013,11141365,118235775346,28.773,,11.386,12.123,1.108,4.156,,97.825
Tunisia,TUN,2014,11274295,121889250523,29.875,,11.852,12.057,1.126,4.840,,107.594
Tunisia,TUN,2015,11402270,123069138453,31.381,,14.004,11.571,0.910,4.896,,111.216
Tunisia,TUN,2016,11528676,124443824545,30.971,,13.679,11.935,0.674,4.683,,110.945
Tunisia,TUN,2017,11650504,127228891219,31.677,,14.314,12.438,0.529,4.397,,117.565
Tunisia,TUN,2018,11765515,130568635947,31.122,,13.740,12.582,0.549,4.250,,119.918
Tunisia,TUN,2019,11875084,132642060864,30.579,,13.066,12.644,0.464,4.405,,121.775
Tunisia,TUN,2020,11974058,120945694784,28.845,,12.463,12.057,0.439,3.886,,112.655
Tunisia,TUN,2021,12048625,126273349199,31.527,,13.506,12.927,0.512,4.583,,123.118
Tunisia,TUN,2022,12119338,129457959410,30.785,,13.408,12.642,0.525,4.210,,123.450
Tunisia,TUN,2023,12200434,,31.738,,14.462,12.717,0.348,4.210,,122.109
Tunisia,TUN,2024,12277103,,32.664,,15.185,12.948,0.320,4.210,,123.067
Uganda,UGA,2000,24000158,28839086120,1.361,,1.253,,0.000,0.108,,7.266
Uganda,UGA,2001,24745678,31387264047,1.417,,1.293,,0.000,0.124,,7.419
Uganda,UGA,2002,25532872,33626854165,1.443,,1.301,,0.000,0.142,,7.515
Uganda,UGA,2003,26352124,35593796200,1.513,,1.374,,0.000,0.139,,7.963
Uganda,UGA,2004,27154513,37411396915,1.607,,1.458,,0.000,0.149,,8.501
Uganda,UGA,2005,27963287,40921116463,2.018,0.000,1.854,,0.000,0.164,,10.233
Uganda,UGA,2006,28794005,43572248099,2.387,0.000,2.224,,0.000,0.163,,11.171
Uganda,UGA,2007,29653437,46853864818,2.706,0.000,2.561,,0.000,0.145,,13.494
Uganda,UGA,2008,30539547,51468911832,2.780,0.000,2.594,,0.000,0.186,,13.793
Uganda,UGA,2009,31451147,55303695281,2.996,0.000,2.796,,0.000,0.201,,14.642
Uganda,UGA,2010,32390801,59228535712,3.570,0.000,3.246,,0.000,0.323,,16.681
Uganda,UGA,2011,33354541,62855840742,3.828,0.000,3.433,,0.000,0.395,,17.554
Uganda,UGA,2012,34337436,64322268140,3.627,0.000,3.199,,0.000,0.428,,17.944
Uganda,UGA,2013,35337050,66855286085,3.755,0.000,3.397,,0.000,0.358,,19.117
Uganda,UGA,2014,36395542,70696115682,4.090,0.000,3.697,,0.000,0.393,,22.487
Uganda,UGA,2015,37531444,76356053069,4.529,0.000,4.180,,0.000,0.349,,22.983
Uganda,UGA,2016,38799153,76477462940,4.817,0.000,4.444,,0.000,0.373,,23.945
Uganda,UGA,2017,40177384,81700865546,5.406,0.000,5.031,,0.000,0.376,,25.916
Uganda,UGA,2018,41565839,86196050499,5.549,0.000,5.166,,0.000,0.382,,27.908
Uganda,UGA,2019,42999636,92903828922,5.761,0.000,5.302,,0.000,0.459,,28.523
Uganda,UGA,2020,44457148,91695146192,5.571,0.000,5.012,,0.000,0.559,,27.292
Uganda,UGA,2021,45910931,97200521048,6.232,0.000,5.544,,0.000,0.689,,30.122
Uganda,UGA,2022,47312718,101995416951,6.128,0.000,5.470,,0.000,0.658,,31.378
Uganda,UGA,2023,48656606,,6.236,0.000,5.578,,0.000,0.658,,31.171
Uganda,UGA,2024,50015091,,6.334,0.000,5.676,,0.000,0.658,,31.860
Zambia,ZMB,2000,10017633,15211406947,1.784,0.289,1.341,,0.000,0.154,,13.790
Zambia,ZMB,2001,10325186,16519069217,1.886,0.300,1.499,,0.000,0.087,,14.649
Zambia,ZMB,2002,10647955,17827940431,1.961,0.304,1.565,,0.000,0.092,,15.549
Zambia,ZMB,2003,10983604,19691239689,2.074,0.322,1.612,,0.000,0.140,,16.458
Zambia,ZMB,2004,11338201,21770250951,2.104,0.239,1.710,,0.000,0.155,,17.068
Zambia,ZMB,2005,11718819,24119806314,2.243,0.315,1.755,,0.000,0.172,,18.014
Zambia,ZMB,2006,12129560,26908652008,2.231,0.132,1.883,,0.000,0.216,,18.270
Zambia,ZMB,2007,12565093,30152606854,2.298,0.293,1.795,,0.000,0.209,,16.535
Zambia,ZMB,2008,13021327,33594604263,2.553,0.315,2.023,,0.000,0.215,,18.010
Zambia,ZMB,2009,13490395,37919541851,2.940,0.404,2.197,,0.000,0.339,,18.164
Zambia,ZMB,2010,13965592,43221855090,3.121,0.384,2.302,,0.000,0.435,,18.886
Zambia,ZMB,2011,14437796,47143916201,3.379,0.271,2.649,,0.000,0.459,,21.698
Zambia,ZMB,2012,14913631,50725916750,4.177,0.359,3.206,,0.000,0.612,,24.019
Zambia,ZMB,2013,15399000,53291123090,4.427,0.466,3.256,,0.000,0.705,,25.061
Zambia,ZMB,2014,15895320,55794746119,5.283,0.890,3.657,,0.000,0.736,,27.598
Zambia,ZMB,2015,16399092,57423952993,5.522,0.950,3.875,,0.000,0.697,,28.403
Zambia,ZMB,2016,16914428,59592851316,5.978,0.967,4.236,,0.000,0.775,,29.224
Zambia,ZMB,2017,17441328,61680980857,7.459,2.514,4.089,,0.000,0.856,,34.158
Zambia,ZMB,2018,17973574,64169815579,8.658,3.983,3.609,,0.000,1.066,,37.214
Zambia,ZMB,2019,18513839,65094496543,8.846,3.443,4.443,,0.000,0.961,,36.329
Zambia,ZMB,2020,19059394,63281615083,9.991,4.424,4.483,,0.000,1.084,,38.495
Zambia,ZMB,2021,19603610,66191936884,9.350,3.511,4.780,,0.000,1.059,,41.292
Zambia,ZMB,2022,20152935,68469600029,10.939,5.082,4.977,,0.000,0.880,,40.040
Zambia,ZMB,2023,20723967,,11.831,5.876,5.074,,0.000,0.880,,50.956
Zambia,ZMB,2024,21314962,,12.043,5.999,5.164,,0.000,0.880,,50.972
Zimbabwe,ZWE,2000,11892055,26765004403,13.815,10.124,3.287,,0.000,0.404,,51.767
Zimbabwe,ZWE,2001,11971904,26781181341,12.509,9.538,2.648,,0.000,0.322,,48.946
Zimbabwe,ZWE,2002,12087661,24872482259,11.896,9.123,2.532,,0.000,0.241,,47.186
Zimbabwe,ZWE,2003,12232324,20952016540,10.610,8.183,2.267,,0.000,0.160,,42.704
Zimbabwe,ZWE,2004,12365901,19792844101,9.429,7.417,1.813,,0.000,0.199,,38.650
Zimbabwe,ZWE,2005,12483433,18444472497,10.698,8.475,1.986,,0.000,0.238,,41.516
Zimbabwe,ZWE,2006,12636442,18043000167,10.365,8.185,1.905,,0.000,0.275,,41.308
Zimbabwe,ZWE,2007,12804062,17769105175,9.835,7.808,1.872,,0.000,0.155,,40.206
Zimbabwe,ZWE,2008,12959154,15050245186,7.720,5.955,1.611,,0.000,0.154,,31.117
Zimbabwe,ZWE,2009,13142791,16275797005,8.250,6.339,1.641,,0.000,0.270,,31.267
Zimbabwe,ZWE,2010,13356551,17918418386,8.754,6.507,1.938,,0.000,0.308,,35.439
Zimbabwe,ZWE,2011,13595421,19554105000,10.363,6.720,3.261,,0.000,0.382,,40.724
Zimbabwe,ZWE,2012,13817887,22811427551,11.257,6.998,3.693,,0.000,0.566,,44.849
Zimbabwe,ZWE,2013,14013811,23261956135,11.671,7.104,4.104,,0.000,0.463,,46.430
Zimbabwe,ZWE,2014,14207367,23818844326,11.946,7.732,3.718,,0.000,0.496,,44.677
Zimbabwe,ZWE,2015,14399008,24246158745,12.017,7.676,3.756,,0.000,0.585,,45.892
Zimbabwe,ZWE,2016,14600297,24362052665,10.588,6.722,3.405,,0.000,0.461,,41.841
Zimbabwe,ZWE,2017,14812484,25576014023,9.831,6.003,3.359,,0.000,0.469,,38.492
Zimbabwe,ZWE,2018,15034457,26786271482,11.209,6.489,4.162,,0.000,0.558,,42.892
Zimbabwe,ZWE,2019,15271377,25146416205,10.267,6.010,3.784,,0.000,0.473,,39.034
Zimbabwe,ZWE,2020,15526887,23178707175,8.491,4.932,3.063,,0.000,0.496,,33.166
Zimbabwe,ZWE,2021,15797220,25140088767,10.223,5.936,3.745,,0.000,0.542,,36.871
Zimbabwe,ZWE,2022,16069061,25901585881,12.232,7.165,4.679,,0.000,0.387,,57.510
Zimbabwe,ZWE,2023,16340829,,13.443,8.285,4.771,,0.000,0.387,,53.662
Zimbabwe,ZWE,2024,16634366,,13.701,8.459,4.855,,0.000,0.387,,67.523
